Viešbutis,Salė,Plotas (kv. m.),Pobūviams,Konferencijoms,Viet. išdėst. ir sk.,Įranga
AD ASTRUM,,,Y,Y,Teatro stilius: 50,
AD ASTRUM,,,Y,Y,Teatro stilius: 15,
"""ALANGA""",,,,Y,Klasės stilius: 60,"DVD grotuvas, TV"
ALANGA,,,Y,Y,Teatro stilius: 100; Klasės stilius: 60; U stilius: 50,
ALGIRDAS CITY HOTEL,Konferencijų salė,,,Y,Teatro stilius: 50; Klasės stilius: 22; U stilius: 22; Apvalaus stalo stilius: 24; Banketo stilius: 22,"Ekranas, Video projektorius"
ALKA,,,Y,Y,Teatro stilius: 50; Klasės stilius: 50; U stilius: 50; Apvalaus stalo stilius: 50; Banketo stilius: 50,"Ekranas, Multimedia, Rašymo lenta"
AMBERTON,,,Y,Y,Teatro stilius: 80; Klasės stilius: 80; U stilius: 80; Apvalaus stalo stilius: 80; Banketo stilius: 80,
AMBERTON KLAIPĖDA,,,,Y,Teatro stilius: 30; Klasės stilius: 20; U stilius: 20; Apvalaus stalo stilius: 15; Banketo stilius: 30,"Kompiuteris, Mikrofonas, Multimedia, Sinchroninis vertimas"
ANGELĖ,,,Y,Y,Teatro stilius: 50,
APPLE ECONOMY HOTEL,,,Y,Y,Teatro stilius: 54,
APVALAUS STALO KLUBAS,,,,Y,Klasės stilius: 40,"CD grotuvas, DVD grotuvas, Ekranas, Grafinis projektorius"
ARARAT,,,,Y,Klasės stilius: 35,
ARTIS CENTRUM HOTEL,Aida,40,Y,Y,Teatro stilius: 160; Klasės stilius: 90; U stilius: 50; Banketo stilius: 70,
ARTIS CENTRUM HOTEL,Aida I/II,53,,Y,Teatro stilius: 70; Klasės stilius: 50; U stilius: 30,
ARTIS CENTRUM HOTEL,Carmen,,,Y,Teatro stilius: 70; Klasės stilius: 48; U stilius: 34; Banketo stilius: 35,
ARTIS CENTRUM HOTEL,Micado,,,Y,Teatro stilius: 50; Klasės stilius: 30; U stilius: 28,
ARTIS CENTRUM HOTEL,Nabuco,,,Y,Teatro stilius: 50; Klasės stilius: 30; U stilius: 28; Banketo stilius: 28,
ARTIS CENTRUM HOTEL,Norma,,,Y,Teatro stilius: 70; Klasės stilius: 46; U stilius: 34,
ARTIS CENTRUM HOTEL,Rigoletto,,,Y,Teatro stilius: 24; Klasės stilius: 16; U stilius: 18,
ARTIS CENTRUM HOTEL,Tosca,,,Y,Teatro stilius: 26; Klasės stilius: 18; U stilius: 20,
ARTIS CENTRUM HOTEL,Tosca,,,Y,Teatro stilius: 26; Klasės stilius: 18; U stilius: 20,
ASTRUM PALACE,,,,Y,Klasės stilius: 70,"Ekranas, Grafinis projektorius, TV"
ATGAIVA TAU,,,Y,Y,Teatro stilius: 25,
ATGAIVA TAU,,,Y,Y,Teatro stilius: 45,
ATRIUM,Riterių,,Y,Y,Banketo stilius: 30,
AUDRUVIS,,,,Y,Klasės stilius: 70,
AUKŠTAITIJA,,,,Y,Klasės stilius: 20,"DVD grotuvas, Grafinis projektorius, TV, Video grotuvas"
AUSKA,,,Y,Y,Apvalaus stalo stilius: 60,
AUSKA,,,Y,Y,U stilius: 50,
AUSTĖJA,,,Y,Y,Teatro stilius: 24,
A.V.GODA,Konferencijų salė,,,Y,Klasės stilius: 30,"Ekranas, Grafinis projektorius, Kompiuteris"
BABILONAS,,,,Y,Teatro stilius: 8; Klasės stilius: 14; U stilius: 35; Apvalaus stalo stilius: 25,
BAJORŲ UŽEIGA,,,Y,Y,Klasės stilius: 60,"Grafinis projektorius, Video grotuvas"
BARBACAN PALACE,,180,Y,Y,Teatro stilius: 80; Klasės stilius: 40; U stilius: 32; Apvalaus stalo stilius: 36,
BELORUS,,,,Y,Klasės stilius: 60,"Kompiuteris, Multimedia, TV"
BERŽAS,,,Y,Y,U stilius: 20,
BERŽAS,,,Y,Y,U stilius: 60,
BEST WESTERN HOTEL CENTRAL,,,Y,Y,Klasės stilius: 25; Apvalaus stalo stilius: 12,
BEST WESTERN SANTAKOS,Arkos,,,Y,Teatro stilius: 30; Klasės stilius: 20; U stilius: 16; Banketo stilius: 22,
BEST WESTERN SANTAKOS,Nemunas,,,Y,Teatro stilius: 60; Klasės stilius: 30; U stilius: 30; Apvalaus stalo stilius: 35; Banketo stilius: 35,
BEST WESTERN SANTAKOS,Nemunas,,,Y,Teatro stilius: 60; Klasės stilius: 30; U stilius: 30; Apvalaus stalo stilius: 35; Banketo stilius: 35,
BEST WESTERN SANTAKOS,Neris,,,Y,Teatro stilius: 60; Klasės stilius: 30; U stilius: 30; Banketo stilius: 35,
BEST WESTERN SANTAKOS,Šventoji,,,Y,Teatro stilius: 200; Klasės stilius: 80; U stilius: 50; Apvalaus stalo stilius: 60,
BEST WESTERN VILNIUS,Granito,190,Y,Y,Teatro stilius: 200; Klasės stilius: 120; U stilius: 50; Apvalaus stalo stilius: 60; Banketo stilius: 150,"CD grotuvas, DVD grotuvas, Diktofonas, Ekranas, Grafinis projektorius, Interneto ryšys, Kompiuteris, Lazerinė rodyklė, Mikrofonas, Multimedia, Oro kondicionierius, Popierius, Rašymo lenta, Scena, Sinchroninis vertimas, Skaidrių projektorius, TV, Telefonas, Tribūna, Video grotuvas, Įranga garso įrašymui"
BEST WESTERN VILNIUS,Granito A,77,Y,Y,Teatro stilius: 50; Klasės stilius: 30; U stilius: 28; Apvalaus stalo stilius: 30,"CD grotuvas, DVD grotuvas, Diktofonas, Ekranas, Grafinis projektorius, Interneto ryšys, Kompiuteris, Lazerinė rodyklė, Mikrofonas, Multimedia, Oro kondicionierius, Popierius, Rašymo lenta, Scena, Sinchroninis vertimas, Skaidrių projektorius, TV, Telefonas, Tribūna, Video grotuvas, Įranga garso įrašymui"
BEST WESTERN VILNIUS,Granito A+B,126,Y,Y,Teatro stilius: 120; Klasės stilius: 60; U stilius: 44; Apvalaus stalo stilius: 50,"CD grotuvas, DVD grotuvas, Diktofonas, Ekranas, Grafinis projektorius, Interneto ryšys, Kompiuteris, Lazerinė rodyklė, Mikrofonas, Multimedia, Oro kondicionierius, Popierius, Rašymo lenta, Scena, Sinchroninis vertimas, Skaidrių projektorius, TV, Telefonas, Tribūna, Video grotuvas, Įranga garso įrašymui"
BEST WESTERN VILNIUS,Marmuro,57,Y,Y,Teatro stilius: 50; Klasės stilius: 40; U stilius: 28; Apvalaus stalo stilius: 30; Banketo stilius: 28,"CD grotuvas, DVD grotuvas, Diktofonas, Ekranas, Grafinis projektorius, Interneto ryšys, Kompiuteris, Lazerinė rodyklė, Mikrofonas, Multimedia, Oro kondicionierius, Popierius, Rašymo lenta, Scena, Sinchroninis vertimas, Skaidrių projektorius, TV, Telefonas, Tribūna, Video grotuvas, Įranga garso įrašymui"
BEST WESTERN VILNIUS,Posėdžių salė,13,Y,Y,Apvalaus stalo stilius: 10,"CD grotuvas, DVD grotuvas, Diktofonas, Ekranas, Grafinis projektorius, Interneto ryšys, Lazerinė rodyklė, Mikrofonas, Multimedia, Skaidrių projektorius, TV, Telefonas, Video grotuvas"
BEST WESTERN VILNIUS,Stiklo A,165,Y,Y,Teatro stilius: 220; Klasės stilius: 150; U stilius: 70; Apvalaus stalo stilius: 80; Banketo stilius: 200,"CD grotuvas, DVD grotuvas, Diktofonas, Ekranas, Grafinis projektorius, Interneto ryšys, Kompiuteris, Lazerinė rodyklė, Mikrofonas, Multimedia, Oro kondicionierius, Popierius, Rašymo lenta, Scena, Sinchroninis vertimas, Skaidrių projektorius, TV, Telefonas, Tribūna, Video grotuvas, Įranga garso įrašymui"
BEST WESTERN VILNIUS,Stiklo A+B,366,Y,Y,Teatro stilius: 420; Klasės stilius: 268; U stilius: 110; Apvalaus stalo stilius: 58; Banketo stilius: 280,"CD grotuvas, DVD grotuvas, Diktofonas, Ekranas, Grafinis projektorius, Interneto ryšys, Kompiuteris, Lazerinė rodyklė, Mikrofonas, Multimedia, Oro kondicionierius, Popierius, Rašymo lenta, Scena, Sinchroninis vertimas, Skaidrių projektorius, TV, Telefonas, Tribūna, Video grotuvas, Įranga garso įrašymui"
BEST WESTERN VILNIUS,Stiklo B,119,Y,Y,Teatro stilius: 180; Klasės stilius: 130; U stilius: 50; Apvalaus stalo stilius: 60; Banketo stilius: 100,"CD grotuvas, DVD grotuvas, Diktofonas, Ekranas, Grafinis projektorius, Interneto ryšys, Kompiuteris, Lazerinė rodyklė, Mikrofonas, Multimedia, Oro kondicionierius, Popierius, Rašymo lenta, Scena, Sinchroninis vertimas, Skaidrių projektorius, TV, Telefonas, Tribūna, Video grotuvas, Įranga garso įrašymui"
CENTRE HOTEL NUOVA,,,Y,Y,Teatro stilius: 40; Klasės stilius: 40; U stilius: 60; Apvalaus stalo stilius: 30,"Interneto ryšys, Multimedia, Rašymo lenta, TV, Video grotuvas"
CITY GATE,Didžioji salė,,,Y,Teatro stilius: 50; Klasės stilius: 30; U stilius: 22; Apvalaus stalo stilius: 30; Banketo stilius: 24,"Ekranas, Interneto ryšys, Kompiuteris, Multimedia, Rašymo lenta, Telefonas"
CITY GATE,Mažoji salė,,,Y,Teatro stilius: 12,"Ekranas, Interneto ryšys, Kompiuteris, Mikrofonas, Multimedia, Rašymo lenta, Telefonas"
CITY PARK HOTEL,City hall,90,Y,Y,Teatro stilius: 80; Klasės stilius: 42; U stilius: 32; Apvalaus stalo stilius: 36; Banketo stilius: 80,"CD grotuvas, Ekranas, Grafinis projektorius, Interneto ryšys, Mikrofonas, Multimedia, Oro kondicionierius, Rašymo lenta, Sinchroninis vertimas, TV, Tribūna, Video grotuvas"
CITY PARK HOTEL,Park hall,90,Y,Y,Teatro stilius: 80; Klasės stilius: 42; U stilius: 32; Apvalaus stalo stilius: 36; Banketo stilius: 80,"CD grotuvas, Ekranas, Interneto ryšys, Mikrofonas, Multimedia, Oro kondicionierius, Rašymo lenta, Sinchroninis vertimas, TV, Tribūna, Video grotuvas"
COMFORT VILNIUS,Didžioji salė,,Y,Y,U stilius: 50,
COMFORT VILNIUS,Mažoji salė,,Y,Y,U stilius: 30,
CONGRESS,,,,Y,Teatro stilius: 70,"Ekranas, Mikrofonas, Multimedia, Skaidrių projektorius, TV, Video grotuvas"
CONGRESS,,,,Y,Klasės stilius: 50,"Ekranas, Mikrofonas, Multimedia, Skaidrių projektorius, TV, Video grotuvas"
CONTI,,,,Y,Teatro stilius: 120; Klasės stilius: 70; U stilius: 40,"Ekranas, Multimedia, Video projektorius"
CONTI,,,,Y,Teatro stilius: 250; Klasės stilius: 190; U stilius: 120,"Ekranas, Multimedia, Video projektorius"
CONTI,,,,Y,Teatro stilius: 50; Klasės stilius: 30; U stilius: 20,"Ekranas, Multimedia, Video projektorius"
CONTI,,,,Y,Teatro stilius: 160; Klasės stilius: 100; U stilius: 60,"Ekranas, Multimedia, Video projektorius"
CONTI,,,,Y,U stilius: 10,"Ekranas, Multimedia, Video projektorius"
CROWNE PLAZA VILNIUS,Koralinė A,86,Y,Y,Teatro stilius: 83; Klasės stilius: 32; U stilius: 28; Apvalaus stalo stilius: 28; Banketo stilius: 40,"CD grotuvas, DVD grotuvas, Diktofonas, Ekranas, Grafinis projektorius, Interneto ryšys, Kompiuteris, Lazerinė rodyklė, Mikrofonas, Multimedia, Oro kondicionierius, Popierius, Rašymo lenta, Sinchroninis vertimas, Skaidrių projektorius, TV, Telefonas, Tribūna, Video grotuvas, Įranga garso įrašymui"
CROWNE PLAZA VILNIUS,Koralinė (A+B),163,Y,Y,Teatro stilius: 156; Klasės stilius: 64; U stilius: 56; Apvalaus stalo stilius: 60; Banketo stilius: 80,"CD grotuvas, DVD grotuvas, Diktofonas, Ekranas, Grafinis projektorius, Interneto ryšys, Kompiuteris, Lazerinė rodyklė, Mikrofonas, Multimedia, Oro kondicionierius, Popierius, Rašymo lenta, Sinchroninis vertimas, Skaidrių projektorius, TV, Telefonas, Tribūna, Video grotuvas, Įranga garso įrašymui"
CROWNE PLAZA VILNIUS,Koralinė B,77,Y,Y,Teatro stilius: 73; Klasės stilius: 32; U stilius: 28; Apvalaus stalo stilius: 28; Banketo stilius: 40,"CD grotuvas, DVD grotuvas, Diktofonas, Ekranas, Grafinis projektorius, Interneto ryšys, Kompiuteris, Lazerinė rodyklė, Mikrofonas, Multimedia, Oro kondicionierius, Popierius, Rašymo lenta, Sinchroninis vertimas, Skaidrių projektorius, TV, Telefonas, Tribūna, Video grotuvas, Įranga garso įrašymui"
CROWNE PLAZA VILNIUS,Krištolinė,26,Y,Y,Apvalaus stalo stilius: 10,"CD grotuvas, DVD grotuvas, Diktofonas, Ekranas, Grafinis projektorius, Interneto ryšys, Kompiuteris, Lazerinė rodyklė, Mikrofonas, Multimedia, Oro kondicionierius, Popierius, Rašymo lenta, Sinchroninis vertimas, Skaidrių projektorius, TV, Telefonas, Tribūna, Video grotuvas, Įranga garso įrašymui"
CROWNE PLAZA VILNIUS,Malachitinė A,57,Y,Y,Klasės stilius: 12; U stilius: 20; Apvalaus stalo stilius: 20; Banketo stilius: 20,"CD grotuvas, DVD grotuvas, Diktofonas, Ekranas, Grafinis projektorius, Interneto ryšys, Kompiuteris, Lazerinė rodyklė, Mikrofonas, Multimedia, Oro kondicionierius, Popierius, Rašymo lenta, Sinchroninis vertimas, Skaidrių projektorius, TV, Telefonas, Tribūna, Video grotuvas, Įranga garso įrašymui"
CROWNE PLAZA VILNIUS,Malachitinė B,36,Y,Y,U stilius: 12; Apvalaus stalo stilius: 16; Banketo stilius: 10,"CD grotuvas, DVD grotuvas, Diktofonas, Ekranas, Grafinis projektorius, Interneto ryšys, Kompiuteris, Lazerinė rodyklė, Mikrofonas, Multimedia, Oro kondicionierius, Popierius, Rašymo lenta, Sinchroninis vertimas, Skaidrių projektorius, TV, Telefonas, Tribūna, Video grotuvas, Įranga garso įrašymui"
CROWNE PLAZA VILNIUS,Safyrinė A,160,Y,Y,Teatro stilius: 156; Klasės stilius: 82; U stilius: 44; Apvalaus stalo stilius: 52; Banketo stilius: 80,"CD grotuvas, DVD grotuvas, Diktofonas, Ekranas, Grafinis projektorius, Interneto ryšys, Kompiuteris, Lazerinė rodyklė, Mikrofonas, Multimedia, Oro kondicionierius, Popierius, Rašymo lenta, Sinchroninis vertimas, Skaidrių projektorius, TV, Telefonas, Tribūna, Video grotuvas, Įranga garso įrašymui"
CROWNE PLAZA VILNIUS,Safyrinė (A+B+C),550,Y,Y,Teatro stilius: 530; Klasės stilius: 250; U stilius: 100; Apvalaus stalo stilius: 156; Banketo stilius: 300,"CD grotuvas, DVD grotuvas, Diktofonas, Ekranas, Grafinis projektorius, Interneto ryšys, Kompiuteris, Lazerinė rodyklė, Mikrofonas, Multimedia, Oro kondicionierius, Popierius, Rašymo lenta, Sinchroninis vertimas, Skaidrių projektorius, TV, Telefonas, Tribūna, Video grotuvas, Įranga garso įrašymui"
CROWNE PLAZA VILNIUS,Safyrinė B,225,Y,Y,Teatro stilius: 220; Klasės stilius: 100; U stilius: 54; Apvalaus stalo stilius: 60; Banketo stilius: 100,"CD grotuvas, DVD grotuvas, Diktofonas, Ekranas, Grafinis projektorius, Interneto ryšys, Kompiuteris, Lazerinė rodyklė, Mikrofonas, Multimedia, Oro kondicionierius, Popierius, Rašymo lenta, Sinchroninis vertimas, Skaidrių projektorius, TV, Telefonas, Tribūna, Video grotuvas, Įranga garso įrašymui"
CROWNE PLAZA VILNIUS,Safyrinė C,140,Y,Y,Teatro stilius: 135; Klasės stilius: 66; U stilius: 40; Apvalaus stalo stilius: 44; Banketo stilius: 70,"CD grotuvas, DVD grotuvas, Diktofonas, Ekranas, Grafinis projektorius, Interneto ryšys, Kompiuteris, Lazerinė rodyklė, Mikrofonas, Multimedia, Oro kondicionierius, Popierius, Rašymo lenta, Sinchroninis vertimas, Skaidrių projektorius, TV, Telefonas, Tribūna, Video grotuvas, Įranga garso įrašymui"
DAINAVA,Didžioji salė,,Y,Y,Teatro stilius: 255; Klasės stilius: 80; U stilius: 70; Apvalaus stalo stilius: 80; Banketo stilius: 200,
DAINAVA,Ilgoji salė,,Y,Y,Teatro stilius: 60; Klasės stilius: 50; U stilius: 40; Apvalaus stalo stilius: 50; Banketo stilius: 100,
DAINAVA,Korpuso didžioji salė,,Y,Y,Teatro stilius: 50; Klasės stilius: 40; U stilius: 30; Apvalaus stalo stilius: 30; Banketo stilius: 60,
DAINAVA,Korpuso mažoji salė,,Y,Y,Teatro stilius: 30; U stilius: 20; Apvalaus stalo stilius: 25; Banketo stilius: 30,
DAINAVA,Mokymo salė,,Y,Y,Teatro stilius: 30; Klasės stilius: 24; U stilius: 20; Apvalaus stalo stilius: 24; Banketo stilius: 30,
DAINAVA,Mokymo salė,,Y,Y,Teatro stilius: 30; Klasės stilius: 24; U stilius: 20; Apvalaus stalo stilius: 24; Banketo stilius: 30,
DAINAVA,Mokymo salė,,Y,Y,Teatro stilius: 30; Klasės stilius: 24; U stilius: 20; Apvalaus stalo stilius: 24; Banketo stilius: 30,
DAINAVA,Mokymo salė,,Y,Y,Teatro stilius: 30; Klasės stilius: 24; U stilius: 20; Apvalaus stalo stilius: 24; Banketo stilius: 30,
DAINAVA,Priešsalis,,Y,Y,Teatro stilius: 50; Klasės stilius: 40; U stilius: 30; Apvalaus stalo stilius: 30; Banketo stilius: 60,
DAINAVA,,,Y,Y,Teatro stilius: 30; Klasės stilius: 24; U stilius: 20; Apvalaus stalo stilius: 24; Banketo stilius: 30,
DANIELA,Didžioji salė,,,Y,Teatro stilius: 100,
DANIELA,Mažoji salė,,,Y,Apvalaus stalo stilius: 8,
DANIELA,Vidutinė salė,,,Y,Teatro stilius: 160; U stilius: 30,
DAUGIRDAS,Flambe,,,Y,Teatro stilius: 40; Klasės stilius: 30; U stilius: 22,Ekranas
DAUGIRDAS,Kolonų,,,Y,Teatro stilius: 60; Klasės stilius: 80; U stilius: 40,
DE LITA,,,,Y,Teatro stilius: 30; Klasės stilius: 16; U stilius: 16; Apvalaus stalo stilius: 16; Banketo stilius: 10,
DE LITA,,,,Y,Teatro stilius: 16; Apvalaus stalo stilius: 10; Banketo stilius: 5,
DEIMS,,,,Y,U stilius: 35,"Ekranas, Rašymo lenta"
DRUSKININKAI,,,Y,Y,Teatro stilius: 30; Klasės stilius: 20; U stilius: 22,"Ekranas, Grafinis projektorius, Interneto ryšys, Kompiuteris, Mikrofonas, Multimedia, Oro kondicionierius, Rašymo lenta, Sinchroninis vertimas, Skaidrių projektorius, TV, Tribūna, Video grotuvas"
DRUSKININKAI,,,Y,Y,Teatro stilius: 120; Klasės stilius: 67; U stilius: 60,"Ekranas, Grafinis projektorius, Interneto ryšys, Kompiuteris, Mikrofonas, Multimedia, Oro kondicionierius, Rašymo lenta, Sinchroninis vertimas, Skaidrių projektorius, TV, Tribūna, Video grotuvas"
DRUSKININKŲ SVEIKATINIMO IR POILSIO CENTRAS AQUA,,,,Y,Klasės stilius: 155,
DRUSKININKŲ SVEIKATINIMO IR POILSIO CENTRAS AQUA,,,,Y,Klasės stilius: 250,
DZŪKIJOS VIEŠBUTIS,,,Y,Y,Teatro stilius: 20,
DZŪKIJOS VIEŠBUTIS,,,Y,Y,Teatro stilius: 20,Ekranas
ECOTEL VILNIUS,Konferencijų salė,,Y,Y,Teatro stilius: 100,"CD grotuvas, DVD grotuvas, Ekranas, Grafinis projektorius, Interneto ryšys, Lazerinė rodyklė, Mikrofonas, Multimedia, Oro kondicionierius, Rašymo lenta, Sinchroninis vertimas, Skaidrių projektorius, TV, Video grotuvas, Įranga garso įrašymui"
EGLIŲ SLĖNIS,,,,Y,Teatro stilius: 24; Klasės stilius: 20,"Grafinis projektorius, Interneto ryšys, Multimedia, Rašymo lenta, Telefonas"
E-GUEST HOUSE,Konferencijų salė,,,Y,Klasės stilius: 60,
E-GUESTHOUSE,Didžioji salė,,Y,Y,Teatro stilius: 60; Klasės stilius: 50; U stilius: 20; Apvalaus stalo stilius: 30; Banketo stilius: 30,"CD grotuvas, DVD grotuvas, Ekranas, Grafinis projektorius, Interneto ryšys, Kompiuteris, Lazerinė rodyklė, Multimedia, Oro kondicionierius, Popierius, Rašymo lenta, Skaidrių projektorius, TV, Telefonas, Video grotuvas, Įranga garso įrašymui"
E-GUESTHOUSE,Mokymo klasė,,Y,Y,U stilius: 12; Apvalaus stalo stilius: 10; Banketo stilius: 10,"CD grotuvas, DVD grotuvas, Ekranas, Grafinis projektorius, Interneto ryšys, Kompiuteris, Lazerinė rodyklė, Oro kondicionierius, Popierius, Rašymo lenta, Skaidrių projektorius, TV, Telefonas, Video grotuvas, Įranga garso įrašymui"
EMBASSY HOTEL BALATONAS,,,Y,Y,Banketo stilius: 40,"Kompiuteris, Multimedia, Rašymo lenta, Skaidrių projektorius"
EUROPA CITY VILNIUS,Didžioji salė,,Y,Y,Teatro stilius: 150; Klasės stilius: 80; U stilius: 45; Apvalaus stalo stilius: 70; Banketo stilius: 70,"CD grotuvas, DVD grotuvas, Ekranas, Grafinis projektorius, Interneto ryšys, Kompiuteris, Lazerinė rodyklė, Mikrofonas, Multimedia, Oro kondicionierius, Popierius, Rašymo lenta, Sinchroninis vertimas, Skaidrių projektorius, TV, Telefonas, Tribūna, Video grotuvas, Įranga garso įrašymui"
EUROPA CITY VILNIUS,Rytinė salė,,Y,Y,Teatro stilius: 35; Klasės stilius: 20; U stilius: 24; Apvalaus stalo stilius: 25; Banketo stilius: 25,"CD grotuvas, DVD grotuvas, Ekranas, Grafinis projektorius, Interneto ryšys, Kompiuteris, Lazerinė rodyklė, Mikrofonas, Multimedia, Oro kondicionierius, Popierius, Rašymo lenta, Sinchroninis vertimas, Skaidrių projektorius, TV, Telefonas, Tribūna, Video grotuvas, Įranga garso įrašymui"
EUROPA CITY VILNIUS,Vakarinė salė,,Y,Y,Teatro stilius: 45; Klasės stilius: 20; U stilius: 24; Apvalaus stalo stilius: 30; Banketo stilius: 30,"CD grotuvas, DVD grotuvas, Ekranas, Grafinis projektorius, Interneto ryšys, Kompiuteris, Lazerinė rodyklė, Mikrofonas, Multimedia, Oro kondicionierius, Popierius, Rašymo lenta, Sinchroninis vertimas, Skaidrių projektorius, TV, Telefonas, Tribūna, Video grotuvas, Įranga garso įrašymui"
EUROPA CITY VILNIUS,1 salė,,Y,Y,Teatro stilius: 75; Klasės stilius: 60; U stilius: 30; Apvalaus stalo stilius: 50; Banketo stilius: 50,"CD grotuvas, DVD grotuvas, Ekranas, Grafinis projektorius, Interneto ryšys, Kompiuteris, Lazerinė rodyklė, Mikrofonas, Multimedia, Oro kondicionierius, Popierius, Rašymo lenta, Sinchroninis vertimas, Skaidrių projektorius, TV, Telefonas, Tribūna, Video grotuvas, Įranga garso įrašymui"
EUROPA CITY VILNIUS,2 salė,,Y,Y,Teatro stilius: 35; Klasės stilius: 25; U stilius: 15; Apvalaus stalo stilius: 20; Banketo stilius: 20,"CD grotuvas, DVD grotuvas, Ekranas, Grafinis projektorius, Interneto ryšys, Kompiuteris, Lazerinė rodyklė, Mikrofonas, Multimedia, Oro kondicionierius, Popierius, Rašymo lenta, Sinchroninis vertimas, Skaidrių projektorius, TV, Telefonas, Tribūna, Video grotuvas, Įranga garso įrašymui"
EUROPA ROYALE,Konferencijų salė,,Y,Y,Teatro stilius: 50; Klasės stilius: 45; U stilius: 25; Apvalaus stalo stilius: 20; Banketo stilius: 45,"CD grotuvas, DVD grotuvas, Ekranas, Grafinis projektorius, Interneto ryšys, Lazerinė rodyklė, Oro kondicionierius, Popierius, Rašymo lenta, Sinchroninis vertimas, Skaidrių projektorius, TV, Telefonas, Tribūna, Video grotuvas"
EUROPA ROYALE,Posėdžių salė,,Y,Y,Teatro stilius: 20; Klasės stilius: 12; U stilius: 10; Apvalaus stalo stilius: 10; Banketo stilius: 15,"CD grotuvas, DVD grotuvas, Ekranas, Grafinis projektorius, Interneto ryšys, Lazerinė rodyklė, Mikrofonas, Multimedia, Oro kondicionierius, Popierius, Rašymo lenta, Sinchroninis vertimas, Skaidrių projektorius, TV, Tribūna, Video grotuvas"
EUROPA ROYALE DRUSKININKAI,1,,Y,Y,Teatro stilius: 60; Klasės stilius: 40; U stilius: 24,
EUROPA ROYALE DRUSKININKAI,1 + 2,,Y,Y,Teatro stilius: 126; Klasės stilius: 60; U stilius: 32,
EUROPA ROYALE DRUSKININKAI,1+2+3+4,,Y,Y,Teatro stilius: 370; Klasės stilius: 112,
EUROPA ROYALE DRUSKININKAI,2,,Y,Y,Teatro stilius: 30; Klasės stilius: 16; U stilius: 16,
EUROPA ROYALE DRUSKININKAI,3,,Y,Y,Teatro stilius: 126; Klasės stilius: 60; U stilius: 32,
EUROPA ROYALE DRUSKININKAI,4,,Y,Y,Teatro stilius: 126; Klasės stilius: 60; U stilius: 32,
EUROPA ROYALE DRUSKININKAI,5,,Y,Y,Teatro stilius: 54; Klasės stilius: 24; U stilius: 18,
EUROPA ROYALE DRUSKININKAI,6,,Y,Y,Teatro stilius: 54; Klasės stilius: 24; U stilius: 29,
EUROPA ROYALE HOTEL KAUNAS,,,,Y,Klasės stilius: 8,"Ekranas, Multimedia, Įranga garso įrašymui"
EUROPA ROYALE HOTEL KAUNAS,,,,Y,Klasės stilius: 30,"Ekranas, Multimedia, Įranga garso įrašymui"
EUROPA ROYALE HOTEL KAUNAS,,,,Y,Klasės stilius: 30,"Ekranas, Multimedia, Įranga garso įrašymui"
EUROPA ROYALE HOTEL KAUNAS,,,,Y,Klasės stilius: 30,"Ekranas, Multimedia, Įranga garso įrašymui"
EUROPA ROYALE HOTEL KAUNAS,,,,Y,Klasės stilius: 30,"Ekranas, Multimedia, Įranga garso įrašymui"
EUROPA ROYALE HOTEL KAUNAS,,,,Y,Klasės stilius: 200,"Ekranas, Multimedia, Įranga garso įrašymui"
EUROPA ROYALE HOTEL KAUNAS,,,,Y,Klasės stilius: 250,"Ekranas, Multimedia, Įranga garso įrašymui"
EUROPA ROYALE HOTEL KAUNAS,,,,Y,Klasės stilius: 200,"Ekranas, Multimedia, Įranga garso įrašymui"
EUROPA ROYALE MARIJAMPOLĖ,Riga,70,Y,Y,Teatro stilius: 70; Klasės stilius: 40; U stilius: 30; Banketo stilius: 50,
EUROPA ROYALE MARIJAMPOLĖ,Talinn,40,Y,Y,Banketo stilius: 20,
EUROPA ROYALE MARIJAMPOLĖ,Vilnius,185,Y,Y,Teatro stilius: 200; Klasės stilius: 80; U stilius: 100; Banketo stilius: 140,
EUROPA ROYALE MARIJAMPOLĖ,Vilnius I,130,Y,Y,Teatro stilius: 120; Klasės stilius: 60; U stilius: 90; Banketo stilius: 100,
EUROPA ROYALE MARIJAMPOLĖ,Vilnius II,50,Y,Y,Teatro stilius: 60; Klasės stilius: 30; U stilius: 40; Banketo stilius: 40,
EUROPA STAY VILNIUS,I,,,Y,Klasės stilius: 20,
EUROPA STAY VILNIUS,II,,,Y,Klasės stilius: 20,
EUROPA STAY VILNIUS,III,,,Y,Klasės stilius: 30,
EUROPA STAY VILNIUS,IV,,,Y,Klasės stilius: 40,
EUTERPĖ,,,,Y,Teatro stilius: 50; U stilius: 30; Banketo stilius: 30,TV
GABIJA,Didžioji salė,140,Y,Y,Teatro stilius: 190; Klasės stilius: 100; U stilius: 80; Apvalaus stalo stilius: 100; Banketo stilius: 150,"CD grotuvas, DVD grotuvas, Ekranas, Interneto ryšys, Lazerinė rodyklė, Multimedia, Oro kondicionierius, Rašymo lenta, Scena, Skaidrių projektorius, TV, Telefonas, Tribūna, Įranga garso įrašymui"
GABIJA,Mažoji salė,70,Y,Y,Teatro stilius: 55; Klasės stilius: 35; U stilius: 30; Apvalaus stalo stilius: 36; Banketo stilius: 36,"CD grotuvas, DVD grotuvas, Ekranas, Interneto ryšys, Lazerinė rodyklė, Multimedia, Oro kondicionierius, Rašymo lenta, Skaidrių projektorius, TV, Telefonas, Tribūna, Įranga garso įrašymui"
GABRIELLA,,,Y,Y,Klasės stilius: 25,
GALIA,,,Y,Y,Teatro stilius: 120; Klasės stilius: 90; Apvalaus stalo stilius: 28; Banketo stilius: 32,
GAMANTA,,,Y,Y,Teatro stilius: 30; Klasės stilius: 30; U stilius: 30; Apvalaus stalo stilius: 30; Banketo stilius: 30,
GILĖ,,,,Y,U stilius: 60,Multimedia
GILIJA,,,Y,Y,Banketo stilius: 80,
GILIJA,,,Y,Y,Banketo stilius: 16,
GILIJA,,,Y,Y,Banketo stilius: 30,
GRAFAITĖS SVETAINĖ,,,Y,Y,U stilius: 25,
GRAFO ZUBOVO,,,,Y,Teatro stilius: 30,"Multimedia, TV"
GRATA HOTEL,,,,Y,Teatro stilius: 100; Klasės stilius: 34; U stilius: 28; Apvalaus stalo stilius: 42; Banketo stilius: 120,
GREEN VILNIUS HOTEL,,,,Y,Banketo stilius: 80,"Ekranas, Video projektorius"
GRĖJAUS NAMAS,,,Y,Y,Teatro stilius: 60; Klasės stilius: 50; U stilius: 25,"CD grotuvas, DVD grotuvas, Ekranas, Interneto ryšys, Mikrofonas, Multimedia, Oro kondicionierius, TV"
GROTTHUSS HOTEL,Konrado,70,Y,Y,Teatro stilius: 30; Klasės stilius: 20; Apvalaus stalo stilius: 20; Banketo stilius: 70,"CD grotuvas, Ekranas, Grafinis projektorius, Interneto ryšys, Lazerinė rodyklė, Mikrofonas, Multimedia, Oro kondicionierius, Popierius, Rašymo lenta, Sinchroninis vertimas, Skaidrių projektorius, TV, Telefonas, Tribūna, Įranga garso įrašymui"
HBH JUOZO ALAUS BRAVORO VIEŠBUTIS,,,Y,Y,Klasės stilius: 50,
HERMIS,,,,Y,Apvalaus stalo stilius: 25,
HOLIDAY INN VILNIUS,Columbus,,,Y,Teatro stilius: 250; Klasės stilius: 100; U stilius: 50; Apvalaus stalo stilius: 25; Banketo stilius: 140,
HOLIDAY INN VILNIUS,Cousteau,,,Y,Teatro stilius: 40; Klasės stilius: 18; U stilius: 18; Apvalaus stalo stilius: 220; Banketo stilius: 25,
HOLIDAY INN VILNIUS,Heyerdahl,,,Y,Teatro stilius: 30; Klasės stilius: 12; U stilius: 14; Banketo stilius: 16,
HOLIDAY INN VILNIUS,Heyerdahl + Costeau,,,Y,Teatro stilius: 90; Klasės stilius: 40; U stilius: 36; Apvalaus stalo stilius: 25,
HOLIDAY INN VILNIUS,Livingstone,,,Y,Teatro stilius: 30; Klasės stilius: 12; U stilius: 14; Banketo stilius: 16,
HOTEL TILTO,,,,Y,U stilius: 15,
IBIS KAUNAS CENTRE,"Salė ""Lionas""",,,Y,Teatro stilius: 12,"Ekranas, Skaidrių projektorius, Telefonas, Video projektorius"
IBIS KAUNAS CENTRE,"Salė ""Tulūza""",,,Y,Teatro stilius: 18,"Ekranas, Skaidrių projektorius, Telefonas, Video projektorius"
IVOLITA,,,,Y,Klasės stilius: 20,
JUKNAIČIAI,,,Y,Y,Teatro stilius: 50,
JŪRATĖ,,,Y,Y,Teatro stilius: 100,
JURBARKAS,,,Y,Y,Banketo stilius: 20,
KAROLINA,Didžioji konferencijų salė,90,Y,Y,Teatro stilius: 600; Klasės stilius: 248; U stilius: 80,"Ekranas, Grafinis projektorius, Interneto ryšys, Kompiuteris, Lazerinė rodyklė, Mikrofonas, Multimedia, Oro kondicionierius, Rašymo lenta, Skaidrių projektorius, TV, Telefonas, Tribūna, Video grotuvas, Įranga garso įrašymui"
KAROLINA,Konferencijų salė 200,,Y,Y,Teatro stilius: 147; Klasės stilius: 72; U stilius: 48,
KAROLINA,Mėlynoji salė,,Y,Y,Teatro stilius: 50; Klasės stilius: 24; U stilius: 20,
KAROLINA,Pirmo aukšto konferencijų salė,,Y,Y,Teatro stilius: 200; Klasės stilius: 80; U stilius: 50,
KAROLINA,Semianarų salė 4,,Y,Y,Teatro stilius: 20; Klasės stilius: 10; U stilius: 8,
KAROLINA,Seminarų salė 2,,Y,Y,Teatro stilius: 60; Klasės stilius: 30; U stilius: 20,
KAROLINA,Seminarų salė 3,,Y,Y,Teatro stilius: 50; Klasės stilius: 26; U stilius: 20,
KAROLINA,Seminarų salė 5,,Y,Y,Teatro stilius: 53; Klasės stilius: 30; U stilius: 24,
KAROLINA,Seminarų salė 6,,Y,Y,Teatro stilius: 70; Klasės stilius: 40; U stilius: 22,
KAROLINA,Seminarų salė 7,,Y,Y,Teatro stilius: 75; Klasės stilius: 32; U stilius: 22,
KAROLINA,Siminarų salė 1,,Y,Y,Teatro stilius: 20,
KAUNAS,Didžioji + naujoji,,Y,Y,Teatro stilius: 150; Klasės stilius: 80; Banketo stilius: 100,
KAUNAS,Didžioji salė,110,Y,Y,Teatro stilius: 150; Klasės stilius: 80; Banketo stilius: 100,"DVD grotuvas, Ekranas, Grafinis projektorius, Interneto ryšys, Kompiuteris, Mikrofonas, Multimedia, Popierius, Rašymo lenta, Sinchroninis vertimas, TV, Telefonas, Tribūna, Video grotuvas, Įranga garso įrašymui"
KAUNAS,Mažoji,,,Y,Teatro stilius: 30,
KAUNAS,Naujoji,,,Y,Teatro stilius: 150,
KAUNAS,Pasitarimų kambarys,,Y,Y,U stilius: 20,"DVD grotuvas, Ekranas, Grafinis projektorius, Mikrofonas, Popierius, Rašymo lenta, Sinchroninis vertimas, TV, Tribūna, Įranga garso įrašymui"
KERPĖ,Konferencijų salė,,,Y,Klasės stilius: 40,
KERPĖ,Konferencijų salė,,,Y,Klasės stilius: 20,
KETURI KALNAI,Didžioji salė,,,Y,Teatro stilius: 100; Klasės stilius: 30; U stilius: 30; Apvalaus stalo stilius: 32,"Ekranas, Rašymo lenta, Sinchroninis vertimas"
KETURI KALNAI,Mažoji salė,,,Y,Teatro stilius: 25; Klasės stilius: 12; U stilius: 20; Apvalaus stalo stilius: 16,"Ekranas, Rašymo lenta, Sinchroninis vertimas"
KLAIPĖDA,Didžioji,161,Y,Y,Teatro stilius: 220; Klasės stilius: 70; U stilius: 45; Apvalaus stalo stilius: 40; Banketo stilius: 100,"Ekranas, Grafinis projektorius, Interneto ryšys, Mikrofonas, Multimedia, Oro kondicionierius, Rašymo lenta, Scena, Sinchroninis vertimas, Skaidrių projektorius, TV, Telefonas, Tribūna, Video grotuvas, Įranga garso įrašymui"
KLAIPĖDA,Mažoji,27,Y,Y,Teatro stilius: 25; Klasės stilius: 15; U stilius: 10; Apvalaus stalo stilius: 10,"Ekranas, Grafinis projektorius, Interneto ryšys, Mikrofonas, Multimedia, Oro kondicionierius, Rašymo lenta, Skaidrių projektorius, TV, Telefonas, Video grotuvas"
KLAIPĖDA,Naujoji,125,Y,Y,Teatro stilius: 100; Klasės stilius: 65; U stilius: 40; Apvalaus stalo stilius: 40; Banketo stilius: 70,"Ekranas, Grafinis projektorius, Interneto ryšys, Mikrofonas, Multimedia, Oro kondicionierius, Rašymo lenta, Scena, Sinchroninis vertimas, Skaidrių projektorius, TV, Telefonas, Tribūna, Video grotuvas"
KLAIPĖDA,Pasitarimų kambarys,22,Y,Y,Teatro stilius: 20; Klasės stilius: 15; U stilius: 10; Apvalaus stalo stilius: 10,"Ekranas, Grafinis projektorius, Interneto ryšys, Mikrofonas, Multimedia, Oro kondicionierius, Rašymo lenta, Skaidrių projektorius, TV, Telefonas, Video grotuvas"
KUPIŠKIO VERSLO IR TECHNOLOGIJOS MOKYKLOS VIEŠBUTIS,,,,Y,Klasės stilius: 30,
LAŠAS,,,Y,Y,Teatro stilius: 15,
LE MERIDIEN VILNIUS,Adagio,91,Y,Y,Teatro stilius: 110; U stilius: 30; Apvalaus stalo stilius: 20; Banketo stilius: 50,"CD grotuvas, DVD grotuvas, Ekranas, Grafinis projektorius, Interneto ryšys, Kompiuteris, Lazerinė rodyklė, Mikrofonas, Multimedia, Oro kondicionierius, Rašymo lenta, Scena, Sinchroninis vertimas, Skaidrių projektorius, TV, Telefonas, Tribūna, Video grotuvas, Įranga garso įrašymui"
LE MERIDIEN VILNIUS,Arnika,80,Y,Y,Teatro stilius: 50; Klasės stilius: 40; U stilius: 24; Apvalaus stalo stilius: 30; Banketo stilius: 30,"CD grotuvas, DVD grotuvas, Ekranas, Grafinis projektorius, Interneto ryšys, Kompiuteris, Lazerinė rodyklė, Mikrofonas, Multimedia, Oro kondicionierius, Rašymo lenta, Sinchroninis vertimas, Skaidrių projektorius, TV, Telefonas, Tribūna, Video grotuvas, Įranga garso įrašymui"
LE MERIDIEN VILNIUS,Belvedere,630,Y,Y,Teatro stilius: 650; Klasės stilius: 450; U stilius: 120; Apvalaus stalo stilius: 100; Banketo stilius: 480,"CD grotuvas, DVD grotuvas, Ekranas, Grafinis projektorius, Interneto ryšys, Kompiuteris, Lazerinė rodyklė, Mikrofonas, Multimedia, Oro kondicionierius, Rašymo lenta, Scena, Sinchroninis vertimas, Skaidrių projektorius, TV, Telefonas, Tribūna, Video grotuvas, Įranga garso įrašymui"
LE MERIDIEN VILNIUS,Grand Opera,810,Y,Y,Teatro stilius: 1000; Klasės stilius: 650; Banketo stilius: 600,"CD grotuvas, DVD grotuvas, Ekranas, Grafinis projektorius, Interneto ryšys, Kompiuteris, Lazerinė rodyklė, Mikrofonas, Multimedia, Oro kondicionierius, Rašymo lenta, Scena, Sinchroninis vertimas, Skaidrių projektorius, TV, Telefonas, Tribūna, Video grotuvas"
LE MERIDIEN VILNIUS,Hedera,52,Y,Y,Teatro stilius: 30; Klasės stilius: 20; U stilius: 30; Apvalaus stalo stilius: 20; Banketo stilius: 20,"CD grotuvas, DVD grotuvas, Ekranas, Grafinis projektorius, Interneto ryšys, Kompiuteris, Lazerinė rodyklė, Mikrofonas, Multimedia, Oro kondicionierius, Rašymo lenta, Sinchroninis vertimas, Skaidrių projektorius, TV, Telefonas, Tribūna, Video grotuvas, Įranga garso įrašymui"
LE MERIDIEN VILNIUS,Inula,24,Y,Y,Teatro stilius: 16; Klasės stilius: 12; U stilius: 10; Apvalaus stalo stilius: 12; Banketo stilius: 8,"CD grotuvas, DVD grotuvas, Ekranas, Grafinis projektorius, Interneto ryšys, Kompiuteris, Lazerinė rodyklė, Mikrofonas, Multimedia, Oro kondicionierius, Rašymo lenta, Sinchroninis vertimas, Skaidrių projektorius, TV, Telefonas, Tribūna, Video grotuvas, Įranga garso įrašymui"
LE MERIDIEN VILNIUS,Linaria,37,Y,Y,Teatro stilius: 16; Klasės stilius: 12; U stilius: 10; Apvalaus stalo stilius: 12; Banketo stilius: 8,"CD grotuvas, DVD grotuvas, Ekranas, Grafinis projektorius, Interneto ryšys, Kompiuteris, Lazerinė rodyklė, Mikrofonas, Multimedia, Oro kondicionierius, Rašymo lenta, Sinchroninis vertimas, Skaidrių projektorius, TV, Telefonas, Tribūna, Video grotuvas, Įranga garso įrašymui"
LE MERIDIEN VILNIUS,Salvia,408,Y,Y,Teatro stilius: 300; Klasės stilius: 220; U stilius: 80; Apvalaus stalo stilius: 100; Banketo stilius: 180,"CD grotuvas, DVD grotuvas, Ekranas, Grafinis projektorius, Interneto ryšys, Kompiuteris, Lazerinė rodyklė, Mikrofonas, Multimedia, Oro kondicionierius, Rašymo lenta, Scena, Sinchroninis vertimas, Skaidrių projektorius, TV, Telefonas, Tribūna, Video grotuvas, Įranga garso įrašymui"
LE MERIDIEN VILNIUS,Tilia,690,Y,Y,Teatro stilius: 600; Klasės stilius: 500; Banketo stilius: 400,"CD grotuvas, DVD grotuvas, Ekranas, Grafinis projektorius, Interneto ryšys, Kompiuteris, Lazerinė rodyklė, Mikrofonas, Multimedia, Oro kondicionierius, Rašymo lenta, Scena, Sinchroninis vertimas, Skaidrių projektorius, TV, Telefonas, Tribūna, Video grotuvas, Įranga garso įrašymui"
LE MERIDIEN VILNIUS,Viola,60,Y,Y,Teatro stilius: 40; Klasės stilius: 30; U stilius: 24; Apvalaus stalo stilius: 20; Banketo stilius: 20,"CD grotuvas, DVD grotuvas, Ekranas, Grafinis projektorius, Interneto ryšys, Kompiuteris, Lazerinė rodyklė, Mikrofonas, Multimedia, Oro kondicionierius, Rašymo lenta, Sinchroninis vertimas, Skaidrių projektorius, TV, Telefonas, Tribūna, Video grotuvas, Įranga garso įrašymui"
LE MERIDIEN VILNIUS,Virtuoso,115,Y,Y,Apvalaus stalo stilius: 28; Banketo stilius: 28,"CD grotuvas, DVD grotuvas, Ekranas, Grafinis projektorius, Interneto ryšys, Multimedia, Oro kondicionierius, Rašymo lenta, Scena, Sinchroninis vertimas, Skaidrių projektorius, TV, Telefonas, Tribūna, Video grotuvas"
LIETUVA,,,Y,Y,Teatro stilius: 35,
LIETUVA,,,Y,Y,Teatro stilius: 250,
LINELIS,,,Y,Y,Teatro stilius: 60,
LIUKRENA,,,,Y,Klasės stilius: 24,"Ekranas, Grafinis projektorius, Multimedia, Video grotuvas"
LŪGNĖ,,,,Y,Klasės stilius: 15,
LŪNA,,,,Y,Teatro stilius: 50,"DVD grotuvas, Mikrofonas, Rašymo lenta, Video grotuvas, Video projektorius"
MABRE RESIDENCE HOTEL,,,,Y,Teatro stilius: 80; Klasės stilius: 40; U stilius: 32; Apvalaus stalo stilius: 36,"Ekranas, Rašymo lenta, TV, Video projektorius"
MAGNISIMA,,,,Y,Teatro stilius: 60; Klasės stilius: 60; U stilius: 60; Apvalaus stalo stilius: 60; Banketo stilius: 60,
MAGNUS HOTEL,,,,Y,Teatro stilius: 50; Klasės stilius: 50,"Grafinis projektorius, Mikrofonas, Multimedia, Video grotuvas"
MARGIS,,,,Y,Klasės stilius: 140; Apvalaus stalo stilius: 25,"DVD grotuvas, Ekranas, Mikrofonas, Multimedia, Popierius, Rašymo lenta, Skaidrių projektorius, Video projektorius"
MARTIALIS,Didžioji salė,83,,Y,Teatro stilius: 65; Klasės stilius: 24; U stilius: 30; Apvalaus stalo stilius: 36; Banketo stilius: 36,"CD grotuvas, DVD grotuvas, Ekranas, Interneto ryšys, Kompiuteris, Multimedia, Oro kondicionierius, Rašymo lenta, TV"
MARTIALIS,Mažoji salė,,,Y,Teatro stilius: 20; Klasės stilius: 8; U stilius: 16; Apvalaus stalo stilius: 16; Banketo stilius: 16,"CD grotuvas, DVD grotuvas, Ekranas, Interneto ryšys, Kompiuteris, Multimedia, Oro kondicionierius, Rašymo lenta, TV"
MARTIALIS,Restoranas,200,Y,,U stilius: 120; Banketo stilius: 120,"CD grotuvas, DVD grotuvas, Ekranas, Interneto ryšys, Kompiuteris, Multimedia, Oro kondicionierius, Rašymo lenta, TV"
MARTIALIS,Stiklo salė,70,,Y,Teatro stilius: 60; Klasės stilius: 20; U stilius: 22; Apvalaus stalo stilius: 30; Banketo stilius: 30,"CD grotuvas, DVD grotuvas, Ekranas, Interneto ryšys, Kompiuteris, Multimedia, Oro kondicionierius, Rašymo lenta, TV"
MEDŪZA,,,Y,Y,Teatro stilius: 60; Klasės stilius: 28; U stilius: 32; Banketo stilius: 40,"Ekranas, Grafinis projektorius, Interneto ryšys, Mikrofonas, Multimedia, Oro kondicionierius, Rašymo lenta, Skaidrių projektorius, TV, Telefonas, Video grotuvas"
MINOTEL,,30,Y,Y,Teatro stilius: 30; Klasės stilius: 20; U stilius: 20; Apvalaus stalo stilius: 15; Banketo stilius: 30,"Ekranas, Grafinis projektorius, Interneto ryšys, Kompiuteris, Oro kondicionierius, Rašymo lenta, Skaidrių projektorius, Telefonas"
MORENA,,,Y,Y,Teatro stilius: 120; Klasės stilius: 80; U stilius: 50; Apvalaus stalo stilius: 50; Banketo stilius: 80,
MORENA,,,Y,Y,Teatro stilius: 20; Klasės stilius: 18; U stilius: 14; Apvalaus stalo stilius: 16; Banketo stilius: 16,
NARUTIS,,,Y,Y,Teatro stilius: 120; Klasės stilius: 70; U stilius: 70; Apvalaus stalo stilius: 120,"CD grotuvas, DVD grotuvas, Ekranas, Grafinis projektorius, Interneto ryšys, Kompiuteris, Mikrofonas, Multimedia, Oro kondicionierius, Rašymo lenta, Skaidrių projektorius, TV, Įranga garso įrašymui"
NARUTIS,,,Y,Y,Teatro stilius: 55; Klasės stilius: 30; U stilius: 25; Apvalaus stalo stilius: 25,"CD grotuvas, DVD grotuvas, Ekranas, Grafinis projektorius, Interneto ryšys, Kompiuteris, Lazerinė rodyklė, Mikrofonas, Multimedia, Oro kondicionierius, Rašymo lenta, Skaidrių projektorius, TV, Telefonas, Video grotuvas"
NARUTIS,,,Y,Y,Teatro stilius: 35; Klasės stilius: 25; U stilius: 20; Apvalaus stalo stilius: 30,"CD grotuvas, DVD grotuvas, Ekranas, Grafinis projektorius, Interneto ryšys, Kompiuteris, Lazerinė rodyklė, Mikrofonas, Multimedia, Oro kondicionierius, Rašymo lenta, Skaidrių projektorius, TV, Telefonas, Video grotuvas"
NATIONAL HOTEL,Europa,,Y,Y,Teatro stilius: 40; Klasės stilius: 28; U stilius: 26; Apvalaus stalo stilius: 30; Banketo stilius: 35,
NATIONAL HOTEL,San Marino,,Y,Y,Teatro stilius: 40; Klasės stilius: 26; U stilius: 20; Apvalaus stalo stilius: 24; Banketo stilius: 35,
NAUJOSIOS AKMENĖS VIEŠBUTIS,konferencijų salė,,Y,Y,Klasės stilius: 80; Apvalaus stalo stilius: 14,
NAVALIS,A,,,Y,Teatro stilius: 120; Klasės stilius: 60,"Ekranas, Multimedia, Rašymo lenta, Skaidrių projektorius, TV, Video projektorius"
NAVALIS,A + B + C,,,Y,Teatro stilius: 300; Klasės stilius: 150,"Ekranas, Multimedia, Rašymo lenta, TV, Video projektorius"
NAVALIS,B,,,Y,Teatro stilius: 130; Klasės stilius: 65,"CD grotuvas, Ekranas, Multimedia, Rašymo lenta, Skaidrių projektorius, TV, Video projektorius"
NAVALIS,C,,,Y,Teatro stilius: 120; Klasės stilius: 60,"CD grotuvas, Ekranas, Multimedia, Rašymo lenta, Skaidrių projektorius, TV, Video projektorius"
NAVALIS,KLAIPĖDA,,,Y,Teatro stilius: 100; Klasės stilius: 36,"CD grotuvas, Ekranas, Multimedia, Rašymo lenta, Skaidrių projektorius, TV, Tribūna, Video projektorius"
NAVALIS,VIP,,,Y,Teatro stilius: 100; Klasės stilius: 50,"CD grotuvas, Ekranas, Multimedia, Rašymo lenta, Skaidrių projektorius, TV, Tribūna, Video projektorius"
NEMUNAS,,,Y,Y,Teatro stilius: 700,
NEMUNAS PARK RESIDENCE HOTEL,Amadeus,,Y,Y,Teatro stilius: 100; Klasės stilius: 60; U stilius: 40; Apvalaus stalo stilius: 60; Banketo stilius: 100,
NEMUNAS PARK RESIDENCE HOTEL,Aura,,Y,Y,Teatro stilius: 80; Klasės stilius: 50; U stilius: 40; Apvalaus stalo stilius: 50; Banketo stilius: 80,
NEMUNAS PARK RESIDENCE HOTEL,galerija,,,Y,Teatro stilius: 24; Klasės stilius: 16; U stilius: 16; Apvalaus stalo stilius: 26; Banketo stilius: 26,
NEMUNAS PARK RESIDENCE HOTEL,Sonata,,,Y,Teatro stilius: 20; Klasės stilius: 12; U stilius: 12; Apvalaus stalo stilius: 20; Banketo stilius: 20,
NEMUNO SLĖNIS,,,,Y,Klasės stilius: 150,"DVD grotuvas, Ekranas, Multimedia, TV"
NEMUNO SLĖNIS,,,,Y,Klasės stilius: 20,"DVD grotuvas, Ekranas, Grafinis projektorius, Multimedia, TV"
NERIJA,,,,Y,Klasės stilius: 50,
NERINGA,Konferencijų salė,,,Y,U stilius: 30,
NESĖ,,,Y,Y,Teatro stilius: 50,
NIDOS SMILTĖ,,,,Y,Teatro stilius: 34,
NIDUS,,,Y,Y,Teatro stilius: 20,
NOVOTEL VILNIUS,Baltija,126,Y,Y,Teatro stilius: 50; Klasės stilius: 34; U stilius: 20; Apvalaus stalo stilius: 24; Banketo stilius: 30,
NOVOTEL VILNIUS,Gintaras (D),,Y,Y,Teatro stilius: 60; Klasės stilius: 34; U stilius: 20; Apvalaus stalo stilius: 26; Banketo stilius: 30,
NOVOTEL VILNIUS,Jūratė,54,Y,Y,Teatro stilius: 30; Klasės stilius: 16; U stilius: 12,
NOVOTEL VILNIUS,Kastytis,,Y,Y,Teatro stilius: 30; Klasės stilius: 16; U stilius: 12,
ODĖ,,,Y,Y,Banketo stilius: 100,
OLD PORT HOTEL,,,,Y,Teatro stilius: 100,"Ekranas, Mikrofonas, Rašymo lenta, Skaidrių projektorius"
PAGUNDA,,,Y,Y,Teatro stilius: 30,
PAJŪRIO VIEŠKELIS,,,,Y,Teatro stilius: 50,
PAJŪRIO VIEŠKELIS,,,,Y,Teatro stilius: 70,
PAJŪRIS,,,,Y,Teatro stilius: 250,
PAJŪRIS,,,,Y,Teatro stilius: 50,
PALANGA,Posėdžių kambarys,60,Y,Y,Apvalaus stalo stilius: 20,"CD grotuvas, DVD grotuvas, Ekranas, Grafinis projektorius, Interneto ryšys, Lazerinė rodyklė, Mikrofonas, Multimedia, Oro kondicionierius, Popierius, Rašymo lenta, Sinchroninis vertimas, Skaidrių projektorius, TV, Telefonas, Video grotuvas"
PALANGA,,180,Y,Y,Teatro stilius: 150; Klasės stilius: 60; U stilius: 45; Apvalaus stalo stilius: 60,"CD grotuvas, DVD grotuvas, Ekranas, Grafinis projektorius, Interneto ryšys, Lazerinė rodyklė, Mikrofonas, Multimedia, Oro kondicionierius, Popierius, Rašymo lenta, Sinchroninis vertimas, Skaidrių projektorius, TV, Telefonas, Video grotuvas"
"""PALANGOS DAILĖ""",,,,Y,Klasės stilius: 20,
PALANGOS LINAS,,,Y,Y,Teatro stilius: 350,"Ekranas, Interneto ryšys, Rašymo lenta, Scena, TV, Tribūna, Video grotuvas"
PALANGOS VĖTRA,,,Y,Y,Teatro stilius: 85; Klasės stilius: 48; U stilius: 28,
PALANGOS VĖTRA,,,Y,Y,Teatro stilius: 80; Klasės stilius: 34; U stilius: 24,
PALANGOS ŽVORŪNĖ,,,Y,Y,Teatro stilius: 40,
PALANGOS ŽVORŪNĖ,,,Y,Y,Teatro stilius: 200,
PALVA,,,,Y,Teatro stilius: 40,"Ekranas, Multimedia, Rašymo lenta"
PANORAMA,Aeris,91,,Y,Teatro stilius: 90; Klasės stilius: 52; U stilius: 34,
PANORAMA,Animalis,45,,Y,Teatro stilius: 50; Klasės stilius: 30; U stilius: 18,
PANORAMA,Aquarius,,,Y,Teatro stilius: 72; Klasės stilius: 44; U stilius: 26,
PANORAMA,Aquarius + Terra,,Y,Y,Teatro stilius: 120; Klasės stilius: 66; U stilius: 36,
PANORAMA,Humanitas,,Y,Y,Teatro stilius: 300; Klasės stilius: 170; U stilius: 56,
PANORAMA,Igninus,47,,Y,Teatro stilius: 50; Klasės stilius: 32; U stilius: 20,
PANORAMA,Plantaria,47,,Y,Teatro stilius: 50; Klasės stilius: 30; U stilius: 18,
PANORAMA,Plantaria + Animalis,,Y,Y,Teatro stilius: 90; Klasės stilius: 42; U stilius: 34,
PANORAMA,Specularis,23,,Y,Teatro stilius: 30; Klasės stilius: 20; U stilius: 14; Apvalaus stalo stilius: 16; Banketo stilius: 18,
PANORAMA,Specularis,,,Y,Teatro stilius: 25; Klasės stilius: 12; U stilius: 12,
PANORAMA,Terra,53,,Y,Teatro stilius: 65; Klasės stilius: 32; U stilius: 26,
PARK INN BY RADISSON KLAIPĖDOS VIEŠBUTIS,Juodkrantė,,Y,Y,Teatro stilius: 60; Klasės stilius: 38; U stilius: 55; Apvalaus stalo stilius: 32,"Ekranas, Interneto ryšys, Multimedia, Oro kondicionierius, Rašymo lenta, TV, Telefonas, Video grotuvas"
PARK INN BY RADISSON KLAIPĖDOS VIEŠBUTIS,Nida,,Y,Y,Teatro stilius: 20; Klasės stilius: 15; U stilius: 10; Apvalaus stalo stilius: 16; Banketo stilius: 10,"Ekranas, Interneto ryšys, Multimedia, Rašymo lenta, TV, Telefonas, Video grotuvas"
PARK INN BY RADISSON KLAIPĖDOS VIEŠBUTIS,Smiltynė,,Y,Y,Teatro stilius: 70; Klasės stilius: 56; U stilius: 15; Apvalaus stalo stilius: 40; Banketo stilius: 50,"Ekranas, Interneto ryšys, Multimedia, Oro kondicionierius, Rašymo lenta, TV, Telefonas"
PARK INN KAUNAS,Alfa,,,Y,Teatro stilius: 450; Klasės stilius: 210; Banketo stilius: 300,
PARK INN KAUNAS,Beta,,,Y,Teatro stilius: 160; Klasės stilius: 84; Banketo stilius: 60,
PARK INN KAUNAS,Delta,,,Y,Teatro stilius: 90; Klasės stilius: 48,"Ekranas, Multimedia"
PARK INN KAUNAS,Eta,,,Y,Teatro stilius: 44; Klasės stilius: 24,"Ekranas, Multimedia"
PARK INN KAUNAS,Gamma,,,Y,Teatro stilius: 130; Klasės stilius: 80,Ekranas
PARK INN KAUNAS,Omega,,,Y,Teatro stilius: 28; Klasės stilius: 12,"Ekranas, Multimedia"
PARK INN KAUNAS,Sigma,,,Y,Teatro stilius: 40; Klasės stilius: 24,"Ekranas, Multimedia"
PARK INN KAUNAS,Zeta,,,Y,Teatro stilius: 44; Klasės stilius: 24,"Ekranas, Multimedia"
PARK INN VILNIUS NORTH,BALTIJA I,,,Y,Teatro stilius: 80; Klasės stilius: 50,
PARK INN VILNIUS NORTH,BALTIJA I + II,,,Y,Teatro stilius: 140; Klasės stilius: 60; U stilius: 50,
PARK INN VILNIUS NORTH,BALTIJA II,,,Y,Teatro stilius: 50; Klasės stilius: 20,
PARKAS,,,Y,Y,Teatro stilius: 50,
PARNIDŽIO KOPA,,,Y,Y,U stilius: 30,"Multimedia, Oro kondicionierius, Rašymo lenta, TV, Video grotuvas"
PAS KATINĄ,,,,Y,Klasės stilius: 100,"Grafinis projektorius, Įranga garso įrašymui"
PAS KATINĄ,,,,Y,Klasės stilius: 150,Grafinis projektorius
PAŽAISLIS PARK HOTEL,Banketinė salė,,Y,Y,Teatro stilius: 50; Banketo stilius: 30,
PERKŪNO NAMAI,,,Y,Y,U stilius: 30,"CD grotuvas, DVD grotuvas, Ekranas, Grafinis projektorius, Interneto ryšys, Mikrofonas, Multimedia, Oro kondicionierius, Rašymo lenta, Scena, Skaidrių projektorius, TV, Telefonas, Tribūna, Video grotuvas"
PERKŪNO NAMAI,,,Y,Y,Klasės stilius: 50,"CD grotuvas, DVD grotuvas, Ekranas, Grafinis projektorius, Interneto ryšys, Mikrofonas, Multimedia, Oro kondicionierius, Rašymo lenta, Scena, Skaidrių projektorius, TV, Telefonas, Tribūna, Video grotuvas"
PERVAŽA,,,Y,Y,U stilius: 30,
PLINKŠIŲ VIEŠBUTIS,,,Y,Y,Teatro stilius: 40,
PONAS TADAS,Didžioji salė,,,Y,Teatro stilius: 500,
PONAS TADAS,Konferencijų salė,,,Y,Teatro stilius: 85; Klasės stilius: 40; U stilius: 40; Apvalaus stalo stilius: 50; Banketo stilius: 40,
PONAS TADAS,Konferencijų salė,,,Y,Teatro stilius: 60; Klasės stilius: 30; U stilius: 25; Apvalaus stalo stilius: 40,
PRIE EŽERO,,,Y,Y,Teatro stilius: 100,
PRIE LUKŠTO,,,Y,Y,Banketo stilius: 12,
PRIE MALŪNO,Didžioji salė,85,Y,Y,Teatro stilius: 70; Klasės stilius: 28; U stilius: 24; Apvalaus stalo stilius: 25; Banketo stilius: 70,"CD grotuvas, Ekranas, Grafinis projektorius, Multimedia, Oro kondicionierius, Rašymo lenta, Skaidrių projektorius, TV, Telefonas, Video grotuvas"
PRIE MALŪNO,Mažoji salė,60,Y,Y,Teatro stilius: 40; Klasės stilius: 16; Apvalaus stalo stilius: 25; Banketo stilius: 40,"CD grotuvas, Ekranas, Grafinis projektorius, Multimedia, Oro kondicionierius, Rašymo lenta, Skaidrių projektorius, TV, Telefonas, Video grotuvas"
PROMENADA,Konferencijų salė,,Y,Y,Teatro stilius: 30,Ekranas
PUNTUKAS,,,Y,Y,Banketo stilius: 60,
PURIENA,,,Y,Y,Teatro stilius: 30,
PUŠYNAS,Konferencijų salė,,Y,Y,Teatro stilius: 50,"DVD grotuvas, Grafinis projektorius, Multimedia"
PUŠYNAS,Konferencijų salė,,Y,Y,Teatro stilius: 30,
PUŠYNO NAMAI,,,,Y,Klasės stilius: 30,"Ekranas, Grafinis projektorius"
PUŠIS,,52,Y,Y,Klasės stilius: 25; U stilius: 25,"Multimedia, Rašymo lenta, Skaidrių projektorius, TV"
PUŠIS,,,Y,Y,U stilius: 12,"Multimedia, Rašymo lenta, Skaidrių projektorius, TV"
PUŠŲ PAUNKSNĖJE,Salė 1,47,Y,Y,Teatro stilius: 25; Klasės stilius: 25; U stilius: 30; Apvalaus stalo stilius: 20; Banketo stilius: 30,"CD grotuvas, DVD grotuvas, Ekranas, Interneto ryšys, Multimedia, Oro kondicionierius, Rašymo lenta, TV, Telefonas, Video grotuvas"
PUŠŲ PAUNKSNĖJE,Salė 2,32,Y,Y,Teatro stilius: 12; Klasės stilius: 12; U stilius: 30; Apvalaus stalo stilius: 20; Banketo stilius: 20,"CD grotuvas, DVD grotuvas, Ekranas, Interneto ryšys, Oro kondicionierius, Rašymo lenta, TV, Telefonas, Video grotuvas"
PUŠŲ PAUNKSNĖJE,Salė 3,23,Y,Y,Teatro stilius: 6; Klasės stilius: 6; U stilius: 10; Apvalaus stalo stilius: 10; Banketo stilius: 10,"CD grotuvas, DVD grotuvas, Ekranas, Interneto ryšys, Oro kondicionierius, Rašymo lenta, TV, Telefonas, Video grotuvas"
RADISSON BLU ASTORIJA,Arija,27,Y,Y,Teatro stilius: 20; U stilius: 12,"CD grotuvas, DVD grotuvas, Diktofonas, Diskusiniai mikrofonai, Ekranas, Grafinis projektorius, Interneto ryšys, Kompiuteris, Lazerinė rodyklė, Mikrofonas, Multimedia, Oro kondicionierius, Rašymo lenta, Sinchroninis vertimas, Skaidrių projektorius, TV, Telefonas, Video grotuvas, Įranga garso įrašymui"
RADISSON BLU ASTORIJA,Fuga,22,Y,Y,Teatro stilius: 20,"CD grotuvas, DVD grotuvas, Diktofonas, Diskusiniai mikrofonai, Ekranas, Grafinis projektorius, Interneto ryšys, Kompiuteris, Lazerinė rodyklė, Mikrofonas, Multimedia, Oro kondicionierius, Rašymo lenta, Sinchroninis vertimas, Skaidrių projektorius, TV, Telefonas, Video grotuvas, Įranga garso įrašymui"
RADISSON BLU ASTORIJA,Oktava,12,Y,Y,Apvalaus stalo stilius: 4,"CD grotuvas, DVD grotuvas, Diktofonas, Diskusiniai mikrofonai, Ekranas, Grafinis projektorius, Interneto ryšys, Kompiuteris, Lazerinė rodyklė, Mikrofonas, Multimedia, Oro kondicionierius, Rašymo lenta, Sinchroninis vertimas, Skaidrių projektorius, TV, Telefonas, Video grotuvas, Įranga garso įrašymui"
RADISSON BLU ASTORIJA,Simfonija 1,61,Y,Y,Teatro stilius: 50; Klasės stilius: 30; U stilius: 20; Banketo stilius: 32,"CD grotuvas, DVD grotuvas, Diktofonas, Diskusiniai mikrofonai, Ekranas, Grafinis projektorius, Interneto ryšys, Kompiuteris, Lazerinė rodyklė, Mikrofonas, Multimedia, Oro kondicionierius, Rašymo lenta, Scena, Sinchroninis vertimas, Skaidrių projektorius, TV, Telefonas, Tribūna, Video grotuvas, Įranga garso įrašymui"
RADISSON BLU ASTORIJA,Simfonija 1+2,124,Y,Y,Teatro stilius: 130; Klasės stilius: 70; U stilius: 40; Banketo stilius: 64,"CD grotuvas, DVD grotuvas, Diktofonas, Diskusiniai mikrofonai, Ekranas, Grafinis projektorius, Interneto ryšys, Kompiuteris, Lazerinė rodyklė, Mikrofonas, Multimedia, Oro kondicionierius, Rašymo lenta, Scena, Sinchroninis vertimas, Skaidrių projektorius, TV, Telefonas, Tribūna, Video grotuvas, Įranga garso įrašymui"
RADISSON BLU ASTORIJA,Simfonija 2,63,Y,Y,Teatro stilius: 50; Klasės stilius: 30; U stilius: 25; Banketo stilius: 30,"CD grotuvas, DVD grotuvas, Diktofonas, Diskusiniai mikrofonai, Ekranas, Grafinis projektorius, Interneto ryšys, Kompiuteris, Lazerinė rodyklė, Mikrofonas, Multimedia, Oro kondicionierius, Rašymo lenta, Scena, Sinchroninis vertimas, Skaidrių projektorius, TV, Telefonas, Tribūna, Video grotuvas, Įranga garso įrašymui"
RADISSON BLU ASTORIJA,Simfonija+Lobby,158,Y,Y,Teatro stilius: 130; Klasės stilius: 100; U stilius: 40; Banketo stilius: 96,"CD grotuvas, DVD grotuvas, Diktofonas, Diskusiniai mikrofonai, Ekranas, Grafinis projektorius, Interneto ryšys, Kompiuteris, Lazerinė rodyklė, Mikrofonas, Multimedia, Oro kondicionierius, Rašymo lenta, Scena, Sinchroninis vertimas, Skaidrių projektorius, TV, Telefonas, Tribūna, Video grotuvas, Įranga garso įrašymui"
RADISSON BLU ASTORIJA,Sonata,64,Y,Y,Teatro stilius: 50; U stilius: 14; Banketo stilius: 24,"CD grotuvas, DVD grotuvas, Diktofonas, Diskusiniai mikrofonai, Ekranas, Grafinis projektorius, Interneto ryšys, Kompiuteris, Lazerinė rodyklė, Mikrofonas, Multimedia, Oro kondicionierius, Rašymo lenta, Scena, Sinchroninis vertimas, Skaidrių projektorius, TV, Telefonas, Tribūna, Video grotuvas, Įranga garso įrašymui"
RADISSON BLU HOTEL LIETUVA,Alfa,,,Y,Teatro stilius: 300; Klasės stilius: 150; Banketo stilius: 200,"Interneto ryšys, Oro kondicionierius, Telefonas"
RADISSON BLU HOTEL LIETUVA,Beta,,,Y,Banketo stilius: 300,"Interneto ryšys, Oro kondicionierius, Telefonas"
RADISSON BLU HOTEL LIETUVA,Lambada 1,,,Y,Teatro stilius: 52; Klasės stilius: 24; U stilius: 20; Apvalaus stalo stilius: 24,"Interneto ryšys, Oro kondicionierius, Telefonas"
RADISSON BLU HOTEL LIETUVA,Lambada 1+2,,,Y,Teatro stilius: 104; Klasės stilius: 50; U stilius: 32; Apvalaus stalo stilius: 40,"Interneto ryšys, Oro kondicionierius, Telefonas"
RADISSON BLU HOTEL LIETUVA,Lambada 1+2+3,,,Y,Teatro stilius: 180; Klasės stilius: 80; Banketo stilius: 80,"Interneto ryšys, Oro kondicionierius, Telefonas"
RADISSON BLU HOTEL LIETUVA,Lambada 2,,,Y,Teatro stilius: 52; Klasės stilius: 24; U stilius: 20; Apvalaus stalo stilius: 24,"Interneto ryšys, Oro kondicionierius, Telefonas"
RADISSON BLU HOTEL LIETUVA,Lambada 3,,,Y,Teatro stilius: 52; Klasės stilius: 24; U stilius: 20,"Interneto ryšys, Oro kondicionierius, Telefonas"
RADISSON BLU HOTEL LIETUVA,Lambada 3+2,,,Y,Teatro stilius: 104; Klasės stilius: 50; U stilius: 32; Apvalaus stalo stilius: 40,"Interneto ryšys, Multimedia, Telefonas"
RADISSON BLU HOTEL LIETUVA,Lobby + Beta,,,Y,Banketo stilius: 500,"Interneto ryšys, Oro kondicionierius, Telefonas"
RADISSON BLU KLAIPĖDA,,,,Y,Klasės stilius: 55,Grafinis projektorius
RADISSON BLU KLAIPĖDA,,,,Y,Klasės stilius: 55,Grafinis projektorius
RAMADA HOTEL AND SUITES VILNIUS,,,,Y,Teatro stilius: 100; Apvalaus stalo stilius: 20,"Ekranas, Mikrofonas, Multimedia, Rašymo lenta, Įranga garso įrašymui"
RASA,,,Y,Y,Teatro stilius: 30,
RATONDA CENTRUM HOTEL,Kaunas,85,Y,Y,Teatro stilius: 25; Klasės stilius: 18; U stilius: 18; Banketo stilius: 25,
RATONDA CENTRUM HOTEL,Klaipėda,,Y,Y,Teatro stilius: 80; Klasės stilius: 54; U stilius: 35; Apvalaus stalo stilius: 35,
RĄŽĖ,,,,Y,Teatro stilius: 40,
REGINA,,,,Y,Klasės stilius: 90,"Ekranas, Grafinis projektorius, Mikrofonas, Multimedia, TV, Įranga garso įrašymui"
REGINA,,,,Y,Klasės stilius: 90; Apvalaus stalo stilius: 20,
REGINA,,,,Y,Apvalaus stalo stilius: 20,
REVAL HOTEL LIETUVA,Alfa,672,Y,Y,Teatro stilius: 600; Banketo stilius: 300,"CD grotuvas, DVD grotuvas, Diktofonas, Ekranas, Grafinis projektorius, Interneto ryšys, Kompiuteris, Lazerinė rodyklė, Mikrofonas, Multimedia, Oro kondicionierius, Popierius, Rašymo lenta, Scena, Sinchroninis vertimas, Skaidrių projektorius, TV, Telefonas, Tribūna, Video grotuvas, Video projektorius, Įranga garso įrašymui"
REVAL HOTEL LIETUVA,Beta,313,Y,Y,Teatro stilius: 250; Banketo stilius: 200,"CD grotuvas, DVD grotuvas, Diktofonas, Ekranas, Grafinis projektorius, Interneto ryšys, Kompiuteris, Lazerinė rodyklė, Mikrofonas, Multimedia, Oro kondicionierius, Popierius, Rašymo lenta, Scena, Sinchroninis vertimas, Skaidrių projektorius, TV, Telefonas, Tribūna, Video grotuvas, Video projektorius, Įranga garso įrašymui"
REVAL HOTEL LIETUVA,Delta ( 22 aukštas ),69,Y,Y,Teatro stilius: 40; U stilius: 20; Apvalaus stalo stilius: 24; Banketo stilius: 20,"CD grotuvas, DVD grotuvas, Diktofonas, Ekranas, Grafinis projektorius, Interneto ryšys, Kompiuteris, Lazerinė rodyklė, Mikrofonas, Multimedia, Oro kondicionierius, Popierius, Rašymo lenta, Scena, Skaidrių projektorius, TV, Telefonas, Tribūna, Video grotuvas, Video projektorius, Įranga garso įrašymui"
REVAL HOTEL LIETUVA,Epsilon,61,Y,Y,Teatro stilius: 60; Klasės stilius: 30; U stilius: 24; Apvalaus stalo stilius: 28; Banketo stilius: 30,"CD grotuvas, DVD grotuvas, Diktofonas, Ekranas, Grafinis projektorius, Interneto ryšys, Kompiuteris, Lazerinė rodyklė, Mikrofonas, Multimedia, Oro kondicionierius, Popierius, Rašymo lenta, Scena, Skaidrių projektorius, TV, Telefonas, Tribūna, Video grotuvas, Video projektorius, Įranga garso įrašymui"
REVAL HOTEL LIETUVA,Eta,58,Y,Y,Teatro stilius: 60; Klasės stilius: 30; U stilius: 24; Apvalaus stalo stilius: 28,"CD grotuvas, DVD grotuvas, Diktofonas, Ekranas, Grafinis projektorius, Interneto ryšys, Kompiuteris, Lazerinė rodyklė, Mikrofonas, Multimedia, Oro kondicionierius, Popierius, Rašymo lenta, Scena, Skaidrių projektorius, TV, Telefonas, Tribūna, Video grotuvas, Video projektorius, Įranga garso įrašymui"
REVAL HOTEL LIETUVA,Gamma,61,Y,Y,Teatro stilius: 60; Klasės stilius: 30; U stilius: 24; Apvalaus stalo stilius: 28,"CD grotuvas, DVD grotuvas, Diktofonas, Ekranas, Grafinis projektorius, Interneto ryšys, Kompiuteris, Lazerinė rodyklė, Mikrofonas, Multimedia, Oro kondicionierius, Popierius, Rašymo lenta, Scena, Skaidrių projektorius, TV, Telefonas, Tribūna, Video grotuvas, Video projektorius, Įranga garso įrašymui"
REVAL HOTEL LIETUVA,Iota,37,Y,Y,Teatro stilius: 40; Klasės stilius: 22; U stilius: 16; Apvalaus stalo stilius: 20,"CD grotuvas, DVD grotuvas, Diktofonas, Ekranas, Grafinis projektorius, Interneto ryšys, Kompiuteris, Lazerinė rodyklė, Mikrofonas, Multimedia, Oro kondicionierius, Popierius, Rašymo lenta, Scena, Skaidrių projektorius, TV, Telefonas, Tribūna, Video grotuvas, Video projektorius, Įranga garso įrašymui"
REVAL HOTEL LIETUVA,Lambda 1,49,Y,Y,Teatro stilius: 52; Klasės stilius: 24; U stilius: 20; Apvalaus stalo stilius: 24,"CD grotuvas, DVD grotuvas, Diktofonas, Ekranas, Grafinis projektorius, Interneto ryšys, Kompiuteris, Lazerinė rodyklė, Mikrofonas, Multimedia, Oro kondicionierius, Popierius, Rašymo lenta, Scena, Sinchroninis vertimas, Skaidrių projektorius, TV, Telefonas, Tribūna, Video grotuvas, Video projektorius, Įranga garso įrašymui"
REVAL HOTEL LIETUVA,Lambda 1+2,98,Y,Y,Teatro stilius: 104; Klasės stilius: 50; U stilius: 32; Apvalaus stalo stilius: 40,"CD grotuvas, DVD grotuvas, Diktofonas, Ekranas, Grafinis projektorius, Interneto ryšys, Kompiuteris, Lazerinė rodyklė, Mikrofonas, Multimedia, Oro kondicionierius, Popierius, Rašymo lenta, Scena, Sinchroninis vertimas, Skaidrių projektorius, TV, Telefonas, Tribūna, Video grotuvas, Video projektorius, Įranga garso įrašymui"
REVAL HOTEL LIETUVA,Lambda 1+2+3,149,Y,Y,Teatro stilius: 180; Klasės stilius: 80; Banketo stilius: 80,"CD grotuvas, DVD grotuvas, Diktofonas, Ekranas, Grafinis projektorius, Interneto ryšys, Kompiuteris, Lazerinė rodyklė, Mikrofonas, Multimedia, Oro kondicionierius, Popierius, Rašymo lenta, Scena, Sinchroninis vertimas, Skaidrių projektorius, TV, Telefonas, Tribūna, Video grotuvas, Video projektorius, Įranga garso įrašymui"
REVAL HOTEL LIETUVA,Lambda 2,49,Y,Y,Teatro stilius: 52; Klasės stilius: 24; U stilius: 20; Apvalaus stalo stilius: 24,"CD grotuvas, DVD grotuvas, Diktofonas, Ekranas, Grafinis projektorius, Interneto ryšys, Kompiuteris, Lazerinė rodyklė, Mikrofonas, Multimedia, Oro kondicionierius, Popierius, Rašymo lenta, Scena, Sinchroninis vertimas, Skaidrių projektorius, TV, Telefonas, Tribūna, Video grotuvas, Video projektorius, Įranga garso įrašymui"
REVAL HOTEL LIETUVA,Lambda 3,51,Y,Y,Teatro stilius: 52; Klasės stilius: 24; U stilius: 20; Apvalaus stalo stilius: 24,"CD grotuvas, DVD grotuvas, Diktofonas, Ekranas, Grafinis projektorius, Interneto ryšys, Kompiuteris, Lazerinė rodyklė, Mikrofonas, Multimedia, Oro kondicionierius, Popierius, Rašymo lenta, Scena, Sinchroninis vertimas, Skaidrių projektorius, TV, Telefonas, Tribūna, Video grotuvas, Video projektorius, Įranga garso įrašymui"
REVAL HOTEL LIETUVA,Lambda 3+2,100,Y,Y,Teatro stilius: 104; Klasės stilius: 50; U stilius: 32; Apvalaus stalo stilius: 40,"CD grotuvas, DVD grotuvas, Diktofonas, Ekranas, Grafinis projektorius, Interneto ryšys, Kompiuteris, Lazerinė rodyklė, Mikrofonas, Multimedia, Oro kondicionierius, Popierius, Rašymo lenta, Scena, Sinchroninis vertimas, Skaidrių projektorius, TV, Telefonas, Tribūna, Video grotuvas, Video projektorius, Įranga garso įrašymui"
REVAL HOTEL LIETUVA,Lobby,400,Y,Y,Banketo stilius: 300,"CD grotuvas, DVD grotuvas, Diktofonas, Ekranas, Grafinis projektorius, Interneto ryšys, Kompiuteris, Lazerinė rodyklė, Mikrofonas, Multimedia, Oro kondicionierius, Popierius, Rašymo lenta, Scena, Sinchroninis vertimas, Skaidrių projektorius, TV, Telefonas, Tribūna, Video grotuvas, Video projektorius, Įranga garso įrašymui"
REVAL HOTEL LIETUVA,Lobby+Beta,753,Y,Y,Banketo stilius: 500,"CD grotuvas, DVD grotuvas, Diktofonas, Ekranas, Grafinis projektorius, Interneto ryšys, Kompiuteris, Lazerinė rodyklė, Mikrofonas, Multimedia, Oro kondicionierius, Popierius, Rašymo lenta, Scena, Sinchroninis vertimas, Skaidrių projektorius, TV, Telefonas, Tribūna, Video grotuvas, Video projektorius, Įranga garso įrašymui"
REVAL HOTEL LIETUVA,Omega,39,Y,Y,Teatro stilius: 50; Klasės stilius: 24; U stilius: 16; Apvalaus stalo stilius: 20; Banketo stilius: 20,"CD grotuvas, DVD grotuvas, Diktofonas, Ekranas, Grafinis projektorius, Interneto ryšys, Kompiuteris, Lazerinė rodyklė, Mikrofonas, Multimedia, Oro kondicionierius, Popierius, Rašymo lenta, Scena, Skaidrių projektorius, TV, Telefonas, Tribūna, Video grotuvas, Video projektorius, Įranga garso įrašymui"
REVAL HOTEL LIETUVA,Omikron,24,Y,Y,Teatro stilius: 24; Klasės stilius: 12; U stilius: 12; Apvalaus stalo stilius: 14,"CD grotuvas, DVD grotuvas, Diktofonas, Ekranas, Grafinis projektorius, Interneto ryšys, Kompiuteris, Lazerinė rodyklė, Mikrofonas, Multimedia, Oro kondicionierius, Popierius, Rašymo lenta, Scena, Skaidrių projektorius, TV, Telefonas, Tribūna, Video grotuvas, Video projektorius, Įranga garso įrašymui"
REVAL HOTEL LIETUVA,Sigma,15,Y,Y,Apvalaus stalo stilius: 8,"CD grotuvas, DVD grotuvas, Diktofonas, Ekranas, Grafinis projektorius, Interneto ryšys, Kompiuteris, Lazerinė rodyklė, Mikrofonas, Multimedia, Oro kondicionierius, Popierius, Rašymo lenta, Scena, Skaidrių projektorius, TV, Telefonas, Tribūna, Video grotuvas, Video projektorius, Įranga garso įrašymui"
REVAL HOTEL LIETUVA,Tau,32,Y,Y,Teatro stilius: 35; Klasės stilius: 18; U stilius: 14; Apvalaus stalo stilius: 16,"CD grotuvas, DVD grotuvas, Diktofonas, Ekranas, Grafinis projektorius, Interneto ryšys, Kompiuteris, Lazerinė rodyklė, Mikrofonas, Multimedia, Oro kondicionierius, Popierius, Rašymo lenta, Scena, Skaidrių projektorius, TV, Telefonas, Tribūna, Video grotuvas, Video projektorius, Įranga garso įrašymui"
REVAL HOTEL LIETUVA,Theta,72,Y,Y,Teatro stilius: 80; Klasės stilius: 35; U stilius: 30; Apvalaus stalo stilius: 36,"CD grotuvas, DVD grotuvas, Diktofonas, Ekranas, Grafinis projektorius, Interneto ryšys, Kompiuteris, Lazerinė rodyklė, Mikrofonas, Multimedia, Oro kondicionierius, Popierius, Rašymo lenta, Scena, Skaidrių projektorius, TV, Telefonas, Tribūna, Video grotuvas, Video projektorius, Įranga garso įrašymui"
REVAL HOTEL LIETUVA,Zeta,131,Y,Y,Teatro stilius: 150; Klasės stilius: 80; U stilius: 52; Apvalaus stalo stilius: 52; Banketo stilius: 80,"CD grotuvas, DVD grotuvas, Diktofonas, Ekranas, Grafinis projektorius, Interneto ryšys, Kompiuteris, Lazerinė rodyklė, Mikrofonas, Multimedia, Oro kondicionierius, Popierius, Rašymo lenta, Scena, Sinchroninis vertimas, Skaidrių projektorius, TV, Telefonas, Tribūna, Video grotuvas, Video projektorius, Įranga garso įrašymui"
REVAL INN VILNIUS,Baltija 1,90,Y,Y,Teatro stilius: 80; Klasės stilius: 50,"Diktofonas, Ekranas, Grafinis projektorius, Kompiuteris, Lazerinė rodyklė, Multimedia, Popierius, Rašymo lenta, Sinchroninis vertimas, TV"
REVAL INN VILNIUS,Baltija 1+2,140,Y,Y,Teatro stilius: 140; Klasės stilius: 60; U stilius: 50,
REVAL INN VILNIUS,Baltija 2,50,Y,Y,Teatro stilius: 50; Klasės stilius: 20,"Diktofonas, Ekranas, Grafinis projektorius, Kompiuteris, Lazerinė rodyklė, Multimedia, Popierius, Rašymo lenta, Sinchroninis vertimas, TV"
RINNO,Raudonmedžio salė,,Y,Y,Teatro stilius: 35; Klasės stilius: 30; U stilius: 22; Apvalaus stalo stilius: 30; Banketo stilius: 20,
RINNO,,,Y,Y,Teatro stilius: 10,
ROMANTIC,Didžioji salė,,,Y,Teatro stilius: 160; Klasės stilius: 50; U stilius: 30; Apvalaus stalo stilius: 36,
ROMANTIC,Fortūnos salė,,,Y,Teatro stilius: 50; Klasės stilius: 30; U stilius: 25,
ROMANTIC,Mažoji salė,,,Y,Teatro stilius: 60; Klasės stilius: 25; U stilius: 20,
ROMANTIC,VIP posėdžių kambarys,,,Y,Apvalaus stalo stilius: 16,
RŪDNINKŲ VARTAI,,,,Y,Teatro stilius: 14,
RUGELIS,,,,Y,Banketo stilius: 60,
SANTA BARBARA,,,,Y,Klasės stilius: 100,
SANTAKOS,Didžioji,48,Y,Y,Teatro stilius: 60; Klasės stilius: 40; U stilius: 30; Apvalaus stalo stilius: 34,"CD grotuvas, DVD grotuvas, Ekranas, Grafinis projektorius, Interneto ryšys, Kompiuteris, Lazerinė rodyklė, Multimedia, Rašymo lenta, Scena, Sinchroninis vertimas, Skaidrių projektorius, TV, Telefonas, Video grotuvas, Įranga garso įrašymui"
SANTAKOS,Mažoji,34,Y,Y,Teatro stilius: 30; Klasės stilius: 22; U stilius: 16; Apvalaus stalo stilius: 20,"CD grotuvas, DVD grotuvas, Ekranas, Grafinis projektorius, Interneto ryšys, Kompiuteris, Lazerinė rodyklė, Mikrofonas, Oro kondicionierius, Rašymo lenta, Skaidrių projektorius, TV, Telefonas, Video grotuvas"
SANTAKOS,Vienuolyno,120,Y,Y,Teatro stilius: 200; Klasės stilius: 110; U stilius: 90; Apvalaus stalo stilius: 100; Banketo stilius: 120,"CD grotuvas, DVD grotuvas, Ekranas, Grafinis projektorius, Interneto ryšys, Kompiuteris, Lazerinė rodyklė, Mikrofonas, Popierius, Rašymo lenta, Scena, Sinchroninis vertimas, Skaidrių projektorius, TV, Telefonas, Video grotuvas, Įranga garso įrašymui"
SAULININKAS,,,Y,Y,Teatro stilius: 30,
SENAS NAMAS,,,Y,Y,Teatro stilius: 40; Klasės stilius: 40,
SFINKSAS,,,Y,Y,Teatro stilius: 60,
SHAKESPEARE,Geltona,55,Y,Y,Teatro stilius: 50; Klasės stilius: 30; U stilius: 20; Apvalaus stalo stilius: 22; Banketo stilius: 22,"CD grotuvas, DVD grotuvas, Ekranas, Grafinis projektorius, Interneto ryšys, Kompiuteris, Lazerinė rodyklė, Mikrofonas, Multimedia, Oro kondicionierius, Popierius, Rašymo lenta, Scena, Sinchroninis vertimas, Skaidrių projektorius, TV, Telefonas, Tribūna, Video grotuvas, Įranga garso įrašymui"
SHAKESPEARE,Raudona,20,Y,Y,Teatro stilius: 20; Klasės stilius: 16; U stilius: 12; Apvalaus stalo stilius: 14; Banketo stilius: 14,"CD grotuvas, DVD grotuvas, Ekranas, Grafinis projektorius, Interneto ryšys, Kompiuteris, Lazerinė rodyklė, Mikrofonas, Multimedia, Oro kondicionierius, Popierius, Rašymo lenta, Scena, Sinchroninis vertimas, Skaidrių projektorius, TV, Tribūna, Video grotuvas, Įranga garso įrašymui"
SHAKESPEARE,Žalia,53,Y,Y,Teatro stilius: 50; Klasės stilius: 30; U stilius: 20; Apvalaus stalo stilius: 22; Banketo stilius: 22,"CD grotuvas, DVD grotuvas, Ekranas, Grafinis projektorius, Interneto ryšys, Kompiuteris, Lazerinė rodyklė, Mikrofonas, Multimedia, Oro kondicionierius, Popierius, Rašymo lenta, Scena, Sinchroninis vertimas, Skaidrių projektorius, TV, Tribūna, Video grotuvas, Įranga garso įrašymui"
SIMBOLY,,,Y,Y,Klasės stilius: 55,"Ekranas, Interneto ryšys, Mikrofonas, Skaidrių projektorius, Tribūna, Video projektorius"
SIMBOLY,,,Y,Y,Klasės stilius: 48,"Ekranas, Interneto ryšys, Mikrofonas, Skaidrių projektorius, Tribūna, Video projektorius"
SIMBOLY,,,Y,Y,Klasės stilius: 24,"Ekranas, Interneto ryšys, Mikrofonas, Multimedia, Skaidrių projektorius, Tribūna, Video projektorius"
SKRYDIS,Konferencijų salė 1,,,Y,Teatro stilius: 10,
SKRYDIS,Konferencijų salė 2,,,Y,Teatro stilius: 80,
SKRYDIS,Konferencijų salė 3,,,Y,Teatro stilius: 14,
SMĖLYNĖ,,,,Y,Teatro stilius: 60; Klasės stilius: 130,"Ekranas, Interneto ryšys, Rašymo lenta, Video projektorius"
SMILGA,,,Y,Y,Klasės stilius: 60,Multimedia
SONATA,,,Y,Y,Banketo stilius: 30,
SPA - VILNIUS,,,Y,Y,Teatro stilius: 50,
SPA - VILNIUS,,,Y,Y,Teatro stilius: 350,
SPA - VILNIUS,,,Y,Y,Teatro stilius: 36,
SPA HOTEL BELVILIS,,,,Y,Teatro stilius: 12,
SPA HOTEL BELVILIS,,,,Y,Apvalaus stalo stilius: 6,
SPA HOTEL BELVILIS,,,,Y,Teatro stilius: 70,"Grafinis projektorius, Kompiuteris, Mikrofonas"
STADALA,,,Y,Y,Teatro stilius: 50,
STIKLIAI,Didžioji salė,,,Y,Teatro stilius: 60; Klasės stilius: 24; Banketo stilius: 30,
SUDAVIJA,,,Y,Y,Teatro stilius: 12,
ŠACHMATINĖ,Susitikimų kambarys,,,Y,U stilius: 10,
ŠARŪNAS,I salė,,Y,Y,Teatro stilius: 230; Klasės stilius: 100; U stilius: 60; Banketo stilius: 150,
ŠARŪNAS,2 salė,,Y,Y,Teatro stilius: 90; Klasės stilius: 60; U stilius: 35; Banketo stilius: 40,
ŠARŪNAS,3 salė,,Y,Y,Teatro stilius: 30; Klasės stilius: 22; U stilius: 18; Banketo stilius: 35,
ŠARŪNAS,4 salė,,Y,Y,Teatro stilius: 60; Klasės stilius: 40; U stilius: 27; Banketo stilius: 30,
ŠAULYS,,,,Y,Teatro stilius: 60; Klasės stilius: 60; U stilius: 60; Apvalaus stalo stilius: 60; Banketo stilius: 20,
ŠERMUTAS,,,,Y,Klasės stilius: 100,"Ekranas, Grafinis projektorius, Kompiuteris"
ŠERMUTAS,,,,Y,Klasės stilius: 150,"Ekranas, Grafinis projektorius, Kompiuteris"
ŠERMUTAS,,,,Y,Klasės stilius: 50,"Ekranas, Grafinis projektorius, Kompiuteris"
ŠIAULIAI,,,Y,Y,Teatro stilius: 100,
ŠIAULIŲ KRAŠTO MEDŽIOTOJŲ UŽEIGA,,,Y,Y,Teatro stilius: 60,"Ekranas, Multimedia"
ŠIRVINTA,,,Y,Y,Teatro stilius: 40,
TAURAGĖ,,,Y,Y,Teatro stilius: 50; Klasės stilius: 30; U stilius: 30; Apvalaus stalo stilius: 15; Banketo stilius: 50,
TAURAS,,,Y,Y,Teatro stilius: 20; Banketo stilius: 20,
TENISAS,,,,Y,Teatro stilius: 50,
TYLA,,,Y,Y,Teatro stilius: 18,
TOMAS,,,Y,Y,Klasės stilius: 70,"Grafinis projektorius, TV"
TRASALIS,Konferencijų salė,,,Y,Klasės stilius: 100,"DVD grotuvas, Ekranas, Mikrofonas, Multimedia"
TULPĖ,,,,Y,Klasės stilius: 30; U stilius: 15; Apvalaus stalo stilius: 20,
TULPĖ,,,,Y,Klasės stilius: 30; U stilius: 15; Apvalaus stalo stilius: 20,
VAIDILA,galima konferencija surengti restorano patalpose,,Y,Y,Teatro stilius: 50,
VAIVORYKŠTĖ,,,Y,Y,Teatro stilius: 60,
VAIVORYKŠTĖ,,,Y,Y,Banketo stilius: 100,
VALINA,,,Y,Y,Teatro stilius: 14,
VANAGUPĖ,Akmena,100,Y,Y,Teatro stilius: 60; Klasės stilius: 40; U stilius: 36; Apvalaus stalo stilius: 56; Banketo stilius: 40,"CD grotuvas, DVD grotuvas, Ekranas, Grafinis projektorius, Interneto ryšys, Kompiuteris, Lazerinė rodyklė, Mikrofonas, Multimedia, Oro kondicionierius, Popierius, Rašymo lenta, Sinchroninis vertimas, TV, Telefonas, Tribūna, Video grotuvas, Įranga garso įrašymui"
VANAGUPĖ,Alanta,72,Y,Y,Teatro stilius: 44; Klasės stilius: 30; U stilius: 24; Apvalaus stalo stilius: 32; Banketo stilius: 24,"CD grotuvas, DVD grotuvas, Ekranas, Grafinis projektorius, Interneto ryšys, Kompiuteris, Lazerinė rodyklė, Mikrofonas, Multimedia, Oro kondicionierius, Popierius, Rašymo lenta, Sinchroninis vertimas, TV, Telefonas, Tribūna, Video grotuvas, Įranga garso įrašymui"
VANAGUPĖ,Danė,60,Y,Y,Teatro stilius: 36; Klasės stilius: 24; U stilius: 20; Apvalaus stalo stilius: 32,"CD grotuvas, DVD grotuvas, Ekranas, Grafinis projektorius, Interneto ryšys, Kompiuteris, Lazerinė rodyklė, Mikrofonas, Multimedia, Oro kondicionierius, Popierius, Rašymo lenta, Sinchroninis vertimas, TV, Telefonas, Tribūna, Video grotuvas, Įranga garso įrašymui"
VANAGUPĖ,Dubysa,312,Y,Y,Teatro stilius: 400; Klasės stilius: 200; Apvalaus stalo stilius: 184; Banketo stilius: 200,"CD grotuvas, DVD grotuvas, Ekranas, Grafinis projektorius, Interneto ryšys, Kompiuteris, Lazerinė rodyklė, Mikrofonas, Multimedia, Oro kondicionierius, Popierius, Rašymo lenta, Sinchroninis vertimas, TV, Telefonas, Tribūna, Video grotuvas, Įranga garso įrašymui"
VANAGUPĖ,Erla,211,Y,Y,Teatro stilius: 145; Klasės stilius: 90; U stilius: 65; Apvalaus stalo stilius: 88; Banketo stilius: 56,"CD grotuvas, DVD grotuvas, Ekranas, Grafinis projektorius, Interneto ryšys, Kompiuteris, Lazerinė rodyklė, Mikrofonas, Multimedia, Oro kondicionierius, Popierius, Rašymo lenta, Sinchroninis vertimas, TV, Telefonas, Tribūna, Video grotuvas, Įranga garso įrašymui"
VANAGUPĖ,Jūra,60,Y,Y,Teatro stilius: 36; Klasės stilius: 24; U stilius: 20; Apvalaus stalo stilius: 32,"CD grotuvas, DVD grotuvas, Ekranas, Grafinis projektorius, Interneto ryšys, Kompiuteris, Lazerinė rodyklė, Mikrofonas, Multimedia, Oro kondicionierius, Popierius, Rašymo lenta, Sinchroninis vertimas, TV, Telefonas, Tribūna, Video grotuvas, Įranga garso įrašymui"
VANAGUPĖ,Minija,170,Y,Y,Teatro stilius: 198,"CD grotuvas, DVD grotuvas, Ekranas, Grafinis projektorius, Interneto ryšys, Kompiuteris, Lazerinė rodyklė, Mikrofonas, Multimedia, Oro kondicionierius, Popierius, Rašymo lenta, Scena, Sinchroninis vertimas, TV, Telefonas, Tribūna, Video grotuvas, Įranga garso įrašymui"
VANAGUPĖ,Šventoji,139,Y,Y,Teatro stilius: 65; Klasės stilius: 40; U stilius: 25; Apvalaus stalo stilius: 40; Banketo stilius: 24,"CD grotuvas, DVD grotuvas, Ekranas, Grafinis projektorius, Interneto ryšys, Kompiuteris, Lazerinė rodyklė, Mikrofonas, Multimedia, Oro kondicionierius, Popierius, Rašymo lenta, Sinchroninis vertimas, TV, Telefonas, Tribūna, Video grotuvas, Įranga garso įrašymui"
VANAGUPĖ,Venta,139,Y,Y,Teatro stilius: 100; Klasės stilius: 60; U stilius: 40; Apvalaus stalo stilius: 48; Banketo stilius: 40,"CD grotuvas, DVD grotuvas, Ekranas, Grafinis projektorius, Interneto ryšys, Kompiuteris, Lazerinė rodyklė, Mikrofonas, Multimedia, Oro kondicionierius, Popierius, Rašymo lenta, Sinchroninis vertimas, TV, Telefonas, Tribūna, Video grotuvas, Įranga garso įrašymui"
VANDENIS,,,Y,Y,Teatro stilius: 150,"CD grotuvas, DVD grotuvas, Ekranas, Mikrofonas, Multimedia, Rašymo lenta, Skaidrių projektorius, TV, Video grotuvas, Įranga garso įrašymui"
VECEKRUG,,60,Y,Y,Teatro stilius: 40; Klasės stilius: 24; U stilius: 28; Apvalaus stalo stilius: 15; Banketo stilius: 45,"CD grotuvas, DVD grotuvas, Ekranas, Interneto ryšys, Oro kondicionierius, Rašymo lenta, TV, Video grotuvas"
VENTAINĖ,Biliardinė,40,Y,Y,Apvalaus stalo stilius: 20,"CD grotuvas, DVD grotuvas, Ekranas, Grafinis projektorius, Lazerinė rodyklė, Mikrofonas, Multimedia, Rašymo lenta, Skaidrių projektorius, TV, Video grotuvas, Įranga garso įrašymui"
VENTAINĖ,Didžioji,110,Y,Y,Teatro stilius: 80,"CD grotuvas, DVD grotuvas, Diktofonas, Ekranas, Grafinis projektorius, Interneto ryšys, Kompiuteris, Lazerinė rodyklė, Mikrofonas, Multimedia, Oro kondicionierius, Rašymo lenta, Sinchroninis vertimas, Skaidrių projektorius, TV, Telefonas, Tribūna, Video grotuvas, Įranga garso įrašymui"
VENTAINĖ,Mažoji,45,Y,Y,Apvalaus stalo stilius: 30,"CD grotuvas, DVD grotuvas, Ekranas, Grafinis projektorius, Interneto ryšys, Kompiuteris, Lazerinė rodyklė, Mikrofonas, Multimedia, Oro kondicionierius, Rašymo lenta, Sinchroninis vertimas, Skaidrių projektorius, TV, Telefonas, Video grotuvas, Įranga garso įrašymui"
VĖTRA,,,,Y,Klasės stilius: 15,
VIA BALTICA,,,,Y,Klasės stilius: 100,
VIA BALTICA,,,,Y,U stilius: 200,
"VIEŠBUTIS ""BANGA""",,,,Y,Klasės stilius: 40,"Ekranas, Grafinis projektorius"
VIEVIJA,,,Y,,Banketo stilius: 60,
VIKTORIJA,,,Y,Y,Klasės stilius: 100,"Grafinis projektorius, Multimedia, Rašymo lenta, TV, Video grotuvas, Video projektorius"
VIKTORIJA,,,Y,Y,Klasės stilius: 50,
VIKTORIJOS VIEŠBUTIS,,,Y,Y,Teatro stilius: 7,
VIKTORIJOS VIEŠBUTIS,,,Y,Y,Teatro stilius: 24,
VILA FLORA,,,,Y,Klasės stilius: 30,"Ekranas, Rašymo lenta, Video projektorius"
VILA SENJORA,,,Y,Y,Banketo stilius: 80,
VILA ULA,,,Y,Y,Klasės stilius: 48,
VILA VALAKAMPIAI,Banketinė kolonų,,Y,Y,Banketo stilius: 30,
VILA VALAKAMPIAI,Didžioji,,,Y,Teatro stilius: 100; Klasės stilius: 60; Banketo stilius: 70,Ekranas
VILA VALAKAMPIAI,Mažoji salė,,Y,Y,Teatro stilius: 30; Klasės stilius: 80; Banketo stilius: 16,Ekranas
VILA VINGIS,,,Y,Y,Teatro stilius: 60; Klasės stilius: 30,
VILIJA,,,Y,Y,Teatro stilius: 20,
VINGIS,,,,Y,Teatro stilius: 70; Klasės stilius: 36; U stilius: 25; Apvalaus stalo stilius: 30; Banketo stilius: 54,"CD grotuvas, DVD grotuvas, Interneto ryšys, Multimedia, Oro kondicionierius, Popierius, Rašymo lenta, Skaidrių projektorius, Telefonas"
VIOLETA,,,Y,Y,Teatro stilius: 50; Klasės stilius: 20; U stilius: 32; Apvalaus stalo stilius: 28,"CD grotuvas, DVD grotuvas, Ekranas, Grafinis projektorius, Interneto ryšys, Kompiuteris, Mikrofonas, Multimedia, Oro kondicionierius, Rašymo lenta, Skaidrių projektorius, TV, Telefonas, Tribūna, Video grotuvas"
VYTURYS,Klasė,40,Y,Y,Klasės stilius: 30,"CD grotuvas, DVD grotuvas, Ekranas, Grafinis projektorius, Interneto ryšys, Mikrofonas, Multimedia, Popierius, Rašymo lenta, TV, Tribūna, Video grotuvas, Įranga garso įrašymui"
VYTURYS,Koncertų salė,200,Y,Y,Teatro stilius: 220,"CD grotuvas, DVD grotuvas, Ekranas, Grafinis projektorius, Interneto ryšys, Mikrofonas, Multimedia, Popierius, Rašymo lenta, Scena, TV, Tribūna, Video grotuvas, Įranga garso įrašymui"
VYTURYS,Pobūvių salė,52,Y,Y,U stilius: 24,"CD grotuvas, DVD grotuvas, Ekranas, Grafinis projektorius, Interneto ryšys, Mikrofonas, Multimedia, Popierius, Rašymo lenta, TV, Tribūna, Video grotuvas, Įranga garso įrašymui"
VYTURYS,Restorano salė,200,Y,Y,Banketo stilius: 150,"CD grotuvas, DVD grotuvas, Ekranas, Grafinis projektorius, Interneto ryšys, Mikrofonas, Multimedia, Popierius, Rašymo lenta, TV, Tribūna, Video grotuvas, Įranga garso įrašymui"
VYTURYS,Valgyklos,200,Y,Y,Banketo stilius: 150,"CD grotuvas, DVD grotuvas, Ekranas, Grafinis projektorius, Interneto ryšys, Mikrofonas, Multimedia, Popierius, Rašymo lenta, Scena, TV, Tribūna, Video grotuvas, Įranga garso įrašymui"
VIVA GREEN RESORT,Mėlynoji,,,Y,Teatro stilius: 40; Klasės stilius: 40; U stilius: 25; Banketo stilius: 40,"Ekranas, Grafinis projektorius, Rašymo lenta"
VIVA GREEN RESORT,Pušyno,,,Y,U stilius: 60,
VIVA GREEN RESORT,Žalioji,,,Y,Teatro stilius: 80; Klasės stilius: 80; U stilius: 40; Banketo stilius: 80,"Ekranas, Grafinis projektorius, Rašymo lenta, Video projektorius"
ŽYDROJI LIEPSNA,,60,Y,Y,Teatro stilius: 60; Klasės stilius: 30; U stilius: 20; Apvalaus stalo stilius: 30; Banketo stilius: 30,"Ekranas, Multimedia, Oro kondicionierius, Rašymo lenta"
ŽILINA,,,Y,Y,Klasės stilius: 25,
ŽILVINAS,Banketinė salė,,Y,Y,U stilius: 24,
ŽILVINAS,Didžioji salė,,Y,Y,Teatro stilius: 100,
ŽILVINAS,Gedimino 6 salė,,Y,Y,Apvalaus stalo stilius: 24,
ŽILVINAS,Mažoji banketinė salė,,Y,Y,Apvalaus stalo stilius: 12,
ŽILVINAS,Restorano salė,,Y,Y,Banketo stilius: 80,
ŽUVĖDRA,,,,Y,Klasės stilius: 40,
