Pavadinimas,Veiklos vykdymo vieta,Klasė,Klasė suteikta iki,Oficialus įm. pavadinimas,El. paštas,Telefonas,Papildomas telefonas,Faksas,Svetainės adresas,Vietų skaičius,Kambarių skaičius,Priklausomybė tinklui,Priėmimo mėn.,Papildomos paslaugos,Sveikatingumo paslaugos,Pramogos,Verslo centro įranga,Inventoriaus nuoma,Pritaikyta neįgaliesiems,Pramogos neįgaliesiems,Maitinimo paslaugos,Darbo valandos
A PENKI,"Fabijoniškių g. 5-6, Vilniaus m.",3*,2013.10.04,"UAB ""Švaros formulė""",,52702409,,52702418,,,,,,,,,,,,,,Pirmadienis: 0-24; Atradienis: 0-24; Trečiadienis: 0-24; Ketvirtadienis: 0-24; Penktadienis: 0-24; Šeštadienis: 0-24; Sekmadienis: 0-24
A PENKI,"Savanorių pr. 176, Vilniaus m.",3*,2011.04.07,"UAB ""Švaros formulė""",,2311028,,2311028,,28,10,,,"Mašinų stovėjimo aikštelė, Skalbimas ir valymas",,,,,Yra,,Pusryčiai,
ACAPPELLA,"Vilniaus m. sav., Vilnius, Dariaus ir Girėno g. 61",3*,2009.11.26,"UAB ""Sąlytis"" ir partneriai",info@hotelacappella.lt,52167898,,52167241,,25,10,,"Sausis,Vasaris,Kovas,Balandis,Gegužė,Birželis,Liepa,Rugpjūtis,Rugsėjis,Spalis,Lapkritis,Gruodis",Mašinų stovėjimo aikštelė,,,,,Yra,,"Baras, Restoranas",
AD ASTRUM,"Šeimyniškių g. 21, Vilnius",2*,2007.02.06,"Uždaroji akcinė bendrovė Sveikatos centras ""SANVITA""",adastrum@antedonas.lt,5290588,,52790521,,80,41,,"Sausis,Vasaris,Kovas,Balandis,Gegužė,Birželis,Liepa,Rugpjūtis,Rugsėjis,Spalis,Lapkritis,Gruodis","Baseinas, Mašinų stovėjimo aikštelė, Pirtis/Sauna",,,,,Nėra,,"Kavinė, Restoranas",
ADELITA,"Rodūnios kelias 8, Vilniaus m.",3*,2015.02.01,"Bendra JAV - Lietuvos įmonė  UAB ""Adelita""",info@adelita.lt,52329404,,52136463,,63,32,,,"Pirtis/Sauna, Požeminis garažas",,,,,Nėra,,Kavinė,
"""ALANGA""","S. Nėries g. 14, Palangos m.",3*,2015.02.01,"UAB ""Alminga""",info@alanga.lt,46049215,,46049316,,100,48,Best Eastern,,"Baseinas, Mašinų stovėjimo aikštelė, Pirtis/Sauna, Seifas, Skalbimas ir valymas, Teniso kortai, Treniruoklių salė, Vaikų priežiura, Valiutos keitykla",,Vaikų žaidimo aikštelė,,,Nėra,,Restoranas,
ALANGA,"S. Nėries g. 14, Palanga",3*,2006.12.03,"Uždaroji akcinė bendrovė ""Alminga""",info@alanga.lt,46049215,,46049316,,100,47,,"Sausis,Vasaris,Kovas,Balandis,Gegužė,Birželis,Liepa,Rugpjūtis,Rugsėjis,Spalis,Lapkritis,Gruodis","Baseinas, Mašinų stovėjimo aikštelė, Pirtis/Sauna, Treniruoklių salė",,,,,Nėra,,Restoranas,
ALGIRDAS CITY HOTEL,"Algirdo g. 24, Vilniaus m.",3*,2013.10.04,"UAB ""CITY HOTELS""",info@cityhotels.lt,52326650,,52326654,,77,42,,,,,,,,Yra,,Restoranas,
ALKA,"S. Daukanto g. 21, Palanga",4*,2015.02.01,"UAB ""Pajūrio Alka""",info@alka.lt,46041433,,46041443,,76,34,,"Sausis,Vasaris,Kovas,Balandis,Gegužė,Birželis,Liepa,Rugpjūtis,Rugsėjis,Spalis,Lapkritis,Gruodis","Baseinas, Mašinų stovėjimo aikštelė, Pirtis/Sauna, Treniruoklių salė",,,,,,,,
AMBASSADOR,"Gedimino pr. 12, Vilniaus m.",2*,2015.02.01,"UAB ""Žaliasis tiltas""",info@ambassador.lt,52615450,,52121716,,34,17,,,"Mašinų stovėjimo aikštelė, Seifas, Skalbimas ir valymas",,,,,Nėra,,Kavinė,
AMBERTON,"L. Stuokos-Gucevičiaus g. 1, Vilniaus m.",4*,2015.03.06,"UAB ""Šventaragio slėnis""",vilnius@klaipedahotel.lt,52107461,,52107460,,134,77,,,"Baseinas, Pirtis/Sauna, Požeminis garažas, Skalbimas ir valymas, Teniso kortai, Treniruoklių salė",,,,,Yra,,Restoranas,
AMBERTON COSY,"Naujojo Sodo g. 1, Klaipėdos m.",4*,2013.10.04,"AB ""Klaipėda""",admin@klaipedahotel.lt,404372,,404373,,53,28,,,"Požeminis garažas, Seifas, Skalbimas ir valymas, Teniso kortai, Treniruoklių salė",,Boulingas,,,Yra,,"Baras, Restoranas",
AMBERTON COSY,"Kuzmos g. 8, Kaunas",4*,2013.10.04,"AB ""Klaipėda""",kaunas@klaipedahotel.lt,,,,,53,28,,,"Požeminis garažas, Seifas, Skalbimas ir valymas, Teniso kortai, Treniruoklių salė",,Boulingas,,,Yra,,"Baras, Restoranas",Pirmadienis: 0-24; Atradienis: 0-24; Trečiadienis: 0-24; Ketvirtadienis: 0-24; Penktadienis: 0-24; Šeštadienis: 0-24; Sekmadienis: 0-24
AMBERTON KLAIPĖDA,"Naujojo Sodo g. 1, Klaipėdos m.",4*,2012.12.22,"AB ""Klaipėdos"" viešbutis",admin@klaipedahotel.lt,46404372,,46404373,,570,284,,"Sausis,Vasaris,Kovas,Balandis,Gegužė,Birželis,Liepa,Rugpjūtis,Rugsėjis,Spalis,Lapkritis,Gruodis","Baseinas, Mašinų stovėjimo aikštelė, Pirtis/Sauna, Seifas, Skalbimas ir valymas",,,,,,,,
AMICUS HOTEL,"Kaminkelio g. 15, Vilnius",3*,2015.07.30,"UAB ""Dors hotel""",info@amicushotel.lt,52375880,,52383980,www.amicushotel.lt,45,20,,"Sausis,Vasaris,Kovas,Balandis,Gegužė,Birželis,Liepa,Rugpjūtis,Rugsėjis,Spalis,Lapkritis,Gruodis","Automobilių nuoma, Mašinų stovėjimo aikštelė, Pirtis/Sauna, Seifas, Skalbimas ir valymas",Klasikinis masažas,,,,Yra,,Restoranas,Pirmadienis: 0-24; Atradienis: 0-24; Trečiadienis: 0-24; Ketvirtadienis: 0-24; Penktadienis: 0-24; Šeštadienis: 0-24; Sekmadienis: 0-24
ANGELĖ,"Rokiškio r. sav., Rokiškio miesto sen., Rokiškis, Panevėžio g. 7A",2*,2012.01.06,D.Mediko individuali įmonė,d.medikas@gmail.com,45832816,,45832610,,27,12,,"Sausis,Vasaris,Kovas,Balandis,Gegužė,Birželis,Liepa,Rugpjūtis,Rugsėjis,Spalis,Lapkritis,Gruodis","Baseinas, Biliardas, Pirtis/Sauna",,,,,,,Kavinė,
ANYKŠČIŲ SPORTO IR LAISVALAIKIO CENTRAS,"Liudiškių g. 18, Anykščiai",3*,2015.05.14,"UAB ""Anykščių sporto ir laisvalaikio centras""",reception@keturikalnai.lt,38158520,,38158640,,55,27,,"Sausis,Vasaris,Kovas,Balandis,Gegužė,Birželis,Liepa,Rugpjūtis,Rugsėjis,Spalis,Lapkritis,Gruodis","Baseinas, Mašinų stovėjimo aikštelė, Seifas, Skalbimas ir valymas, Teniso kortai, Treniruoklių salė",,,,Sporto inventorius,,,,Pirmadienis: 0-24; Atradienis: 0-24; Trečiadienis: 0-24; Ketvirtadienis: 0-24; Penktadienis: 0-24; Šeštadienis: 0-24; Sekmadienis: 0-24
APIA,"Vilniaus m. sav., Vilnius, Šv. Ignoto g. 12-1",3*,2015.06.07,"UAB ""Baltic Ventures""",apia@apia.lt,52123426,,52123618,,24,12,,"Sausis,Vasaris,Kovas,Balandis,Gegužė,Birželis,Liepa,Rugpjūtis,Rugsėjis,Spalis,Lapkritis,Gruodis",Mašinų stovėjimo aikštelė,,,,,,,Baras,
APPLE ECONOMY HOTEL,"Kauno m. sav., Kaunas, M. Valančiaus g. 19",2*,2013.10.04,"VĮ ""Turizmo iniciatyvų centras""",info@applehotel.lt,37321404,,37321404,,28,14,,"Sausis,Vasaris,Kovas,Balandis,Gegužė,Birželis,Liepa,Rugpjūtis,Rugsėjis,Spalis,Lapkritis,Gruodis",Mašinų stovėjimo aikštelė,,,,,Nėra,,Kavinė,Pirmadienis: 0-24; Atradienis: 0-24; Trečiadienis: 0-24; Ketvirtadienis: 0-24; Penktadienis: 0-24; Šeštadienis: 0-24; Sekmadienis: 0-24
APUOLĖ,"Dariaus ir Girėno g. 50, Skuodo m., Skuodo r.",2*,2012.05.16,"UAB ""Skuodo komunalinis ūkis""",komunalinis@ktv.satela.lt,44073223,,44073223,,20,12,,,,,,,,Nėra,,Kavinė,
APVALAUS STALO KLUBAS,"Gilušio g. 6, Trakų m., Trakų r.",4*,2013.12.22,"UAB ""KISTELA""",info@asklubas.lt,52855595,,52851760,,34,17,,,"Mašinų stovėjimo aikštelė, Pirtis/Sauna",,,,,,,"Kavinė, Restoranas",
ARARAT,"Liepų g. 48A, Klaipėdos m.",4*,2013.12.22,"UAB ""AIRARAT""",info@ararat.lt,46400880,,46400411,,62,27,,,"Automobilių nuoma, Mašinų stovėjimo aikštelė, Pirtis/Sauna",,,,,Nėra,,"Kavinė, Restoranas",
ARIBĖ,"Bangų g. 19, Klaipėda",3*,2012.03.31,"UAB ""VITĖ""",hotel@airibe.lt,46490490,,46940942,,22,15,,"Sausis,Vasaris,Kovas,Balandis,Gegužė,Birželis,Liepa,Rugpjūtis,Rugsėjis,Spalis,Lapkritis,Gruodis","Automobilių nuoma, Mašinų stovėjimo aikštelė, Seifas, Skalbimas ir valymas",,,,Dviračiai,Nėra,,Pusryčiai,Pirmadienis: 0-24; Atradienis: 0-24; Trečiadienis: 0-24; Ketvirtadienis: 0-24; Penktadienis: 0-24; Šeštadienis: 0-24; Sekmadienis: 0-24
ARTIS CENTRUM HOTEL,"Liejyklos g. 11/23, Vilnius",4*,2015.03.06,"Lietuvos ir JAV uždaroji akcinė bendrovė ""CENTRUM""",artis@centrum.lt,52660366,,52660377,,119,65,Centrum,"Sausis,Vasaris,Kovas,Balandis,Gegužė,Birželis,Liepa,Rugpjūtis,Rugsėjis,Spalis,Lapkritis,Gruodis","Baseinas, Mašinų stovėjimo aikštelė, Pirtis/Sauna, Treniruoklių salė",,,,,Yra,,,Pirmadienis: 0-24; Atradienis: 0-24; Trečiadienis: 0-24; Ketvirtadienis: 0-24; Penktadienis: 0-24; Šeštadienis: 0-24; Sekmadienis: 0-24
ASIMARĖ,"Vilniaus m. sav., Vilnius, Žirmūnų g. 149",1*,2012.12.22,"O.Puodžiūlaitienės įmonė ""Asimarė""",,5714001,,52703282,,28,12,,"Sausis,Vasaris,Kovas,Balandis,Gegužė,Birželis,Liepa,Rugpjūtis,Rugsėjis,Spalis,Lapkritis,Gruodis",,,,,,,,Pusryčiai,
ASTRUM PALACE,"Laisvės g. 7, Mažeikių m., Mažeikių r.",4*,2009.12.29,"UAB ""ASTRUM PALACE""",info@astrum.lt,44335333,,44335333,,50,28,,,"Mašinų stovėjimo aikštelė, Seifas, Skalbimas ir valymas",,,,,Yra,,Restoranas,
ATGAIVA TAU,"Ruklos k., Ruklos sen., Jonavos r.",1*,2013.11.08,"Uždaroji akcinė bendrovė ""Atgaiva Tau""",atgaivatau@achema.lt,34977055,34977050,34977054,,41,24,,"Sausis,Vasaris,Kovas,Balandis,Gegužė,Birželis,Liepa,Rugpjūtis,Rugsėjis,Spalis,Lapkritis,Gruodis","Baseinas, Mašinų stovėjimo aikštelė, Pirtis/Sauna, Teniso kortai, Treniruoklių salė, Turkiška pirtis",,Sporto salė,,,Yra,,"Baras, Valgykla",
ATRIUM,"Pilies g. 10, Vilniaus m.",4*,2015.02.01,"UAB ""V&G""",,2107777,,2107770,,46,28,,,"Požeminis garažas, Seifas, Skalbimas ir valymas, Suvenyrų parduotuvė, Treniruoklių salė",,,,,Yra,,Restoranas,
AUDRUVIS,"V. Kudirkos g. 93, Joniškio m., Joniškio r.",3*,2015.03.06,"UAB ""JONIŠKIO AUDRUVIS""",info@horseaudruvis.lt,61626951,,42651230,,25,13,,,"Mašinų stovėjimo aikštelė, Seifas",,,,,Yra,Interneto kavinė,,
AUKŠTAITIJA,"Veteranų g. 9, Visagino m., Visagino sav.",2*,2009.11.26,"UAB""Mimina""",hotel@sugardas.lt,38674858,38650686,38650685,,172,116,,"Sausis,Vasaris,Kovas,Balandis,Gegužė,Birželis,Liepa,Rugpjūtis,Rugsėjis,Spalis,Lapkritis,Gruodis",,,,,,Nėra,,,Pirmadienis: 0-24; Atradienis: 0-24; Trečiadienis: 0-24; Ketvirtadienis: 0-24; Penktadienis: 0-24; Šeštadienis: 0-24; Sekmadienis: 0-24
AUSKA,"Vytauto g. 11, Palangos m.",5*,2015.05.14,VĮ Poilsio namai,baltija@is.lt,46048332,,46049226,,16,8,,,"Baseinas, Pirtis/Sauna, Seifas, Skalbimas ir valymas, Treniruoklių salė",,,,,Nėra,,"Baras, Restoranas",
AUSTĖJA,"Smilčių g. 31, Palanga",3*,2015.02.01,"UAB ""Palangos vėtra""",hotel@vetra.lt,46053032,,46057231,,42,21,,"Sausis,Vasaris,Kovas,Balandis,Gegužė,Birželis,Liepa,Rugpjūtis,Rugsėjis,Spalis,Lapkritis,Gruodis","Biliardas, Mašinų stovėjimo aikštelė, Pirtis/Sauna",,,,,Yra,,Kavinė,
A.V.GODA,"Kalvarijų g. 265, Vilniaus m.",3*,2015.07.30,"UAB ""Vairita""",info@hotelgoda.lt,52777773,,52375608,,19,,,"Sausis,Vasaris,Kovas,Balandis,Gegužė,Birželis,Liepa,Rugpjūtis,Rugsėjis,Spalis,Lapkritis,Gruodis",,,,,,,,"Baras, Pusryčiai",Pirmadienis: 0-24; Atradienis: 0-24; Trečiadienis: 0-24; Ketvirtadienis: 0-24; Penktadienis: 0-24; Šeštadienis: 0-24; Sekmadienis: 0-24
BABILONAS,"Žalioji g. 38A, Kauno m.",3*,2011.03.03,"UAB ""Bistroma""",babilonas@hotel.lt,37202545,,37209156,,19,10,,"Sausis,Vasaris,Kovas,Balandis,Gegužė,Birželis,Liepa,Rugpjūtis,Rugsėjis,Spalis,Lapkritis,Gruodis","Mašinų stovėjimo aikštelė, Seifas, Skalbimas ir valymas",,,,,Yra,,Restoranas,
BAJORŲ UŽEIGA,"Sudervės g. 10, Avižienių k., Vilniaus r.",3*,2015.04.17,"UAB ""ETVA""",vitas@kroviniai.lt,2403957,,2338377,,51,24,,"Sausis,Vasaris,Kovas,Balandis,Gegužė,Birželis,Liepa,Rugpjūtis,Rugsėjis,Spalis,Lapkritis,Gruodis","Baseinas, Mašinų stovėjimo aikštelė, Pirtis/Sauna",,,,,,,,Pirmadienis: 0-24; Atradienis: 0-24; Trečiadienis: 0-24; Ketvirtadienis: 0-24; Penktadienis: 0-24; Šeštadienis: 0-24; Sekmadienis: 0-24
BALTIC INN,"S. Daukanto g. 10A, Palangos m.",3*,2015.04.19,"UAB ""INDOVOX""",reservation@balticinn.lt,46048928,,46030399,,53,23,,,"Mašinų stovėjimo aikštelė, Seifas",,,,,Nėra,,"Baras, Restoranas",
BARBACAN PALACE,"Vilnius, Bokšto g. 19/Šv.Kazimiero g. 12",4*,2011.03.03,"AB ""CENTRO KUBAS""",barbacan@centrokubas.lt,52660840,,52660841,,64,33,,"Sausis,Vasaris,Kovas,Balandis,Gegužė,Birželis,Liepa,Rugpjūtis,Rugsėjis,Spalis,Lapkritis,Gruodis","Automobilių nuoma, Biliardas, Garažas, Mašinų stovėjimo aikštelė, Pirtis/Sauna, Požeminis garažas, Seifas, Skalbimas ir valymas, Treniruoklių salė",,Boulingas,,Dviračiai,Yra,,"Baras, Restoranas",Pirmadienis: 0-24; Atradienis: 0-24; Trečiadienis: 0-24; Ketvirtadienis: 0-24; Penktadienis: 0-24; Šeštadienis: 0-24; Sekmadienis: 0-24
BELLAVILA,"Gintaro g. 1A, Palangos m.",3*,2015.03.06,"UAB ""Pirklio baldai""",hotel@bellavila.lt,44543400,,44543400,,36,14,,"Sausis,Vasaris,Kovas,Balandis,Gegužė,Birželis,Liepa,Rugpjūtis,Rugsėjis,Spalis,Lapkritis,Gruodis","Mašinų stovėjimo aikštelė, Pirtis/Sauna, Skalbimas ir valymas",,,,Sporto inventorius,Nėra,,,
BELORUS,"Maironio g. 2, Druskininkų m., Druskininkų sav.",3*,2015.04.19,"VIEŠOJI ĮSTAIGA SANATORIJA ""BELORUS""",info@belorus.lt,31352891,31352871,31352891,,125,74,,,"Baseinas, Mašinų stovėjimo aikštelė, Pirtis/Sauna, Seifas, Skalbimas ir valymas, Treniruoklių salė",,,,,Yra,,"Kavinė, Valgykla",
BERŽAS,"Minijos g. 2, Plungės m., Plungės r.",3*,2015.02.01,"UAB ""Beržas""",hotberzas@one.lt,44856840,,44856840,,18,12,,,Požeminis garažas,,,,,Nėra,,Restoranas,
BEST WESTERN HOTEL CENTRAL,"Šv. Jokūbo g., Druskininkų m., Druskininkų sav.",4*,2013.12.22,"UAB ""NAUJASIS VILNIUS""",office@centralhotel.eu,31360533,,31360534,,71,36,Best Western,,Mašinų stovėjimo aikštelė,,,,,Yra,,Restoranas,
BEST WESTERN SANTAKOS,"J. Gruodžio g. 21, Kauno m.",4*,2013.12.22,"UAB ""Liuks""",office@santaka.lt,37302702,,37302700,,76,40,,,"Automobilių nuoma, Baseinas, Pirtis/Sauna, Požeminis garažas, Skalbimas ir valymas, Suvenyrų parduotuvė, Valiutos keitykla",,,,,Yra,,Restoranas,
BEST WESTERN VILNIUS,"Konstitucijos pr. 14, Vilnius",4*,2015.05.14,Akcinė bendrovė ”NAUJASIS VILNIUS”,office@hotelnv.lt,52739595,,2739500,,216,114,Best Western,"Sausis,Vasaris,Kovas,Balandis,Gegužė,Birželis,Liepa,Rugpjūtis,Rugsėjis,Spalis,Lapkritis,Gruodis","Automobilių nuoma, Baseinas, Kirpykla, Mašinų stovėjimo aikštelė, Pirtis/Sauna, Seifas, Skalbimas ir valymas, Suvenyrų parduotuvė, Treniruoklių salė, Valiutos keitykla, Verslo centras",,Sveikatingumo klubas,"Fakso aparatas, Internetinis ryšys, Kompiuteris(-iai), Kopijavimo aparatas",,Yra,,Restoranas,Pirmadienis: 0-24; Atradienis: 0-24; Trečiadienis: 0-24; Ketvirtadienis: 0-24; Penktadienis: 0-24; Šeštadienis: 0-24; Sekmadienis: 0-24
CENTRAS,"Vytauto g. 96, Palanga",1*,2002.07.14,"Uždaroji akcinė bendrovė ""Palangos centrinė universalinė parduotuvė""",,46052202,,46053445,,,,,,,,,,,,,,
CENTRE HOTEL NUOVA,"Kauno m. sav., Kaunas, Savanorių pr. 66",3*,2015.05.14,"AB ""Takioji neris""",INFO@CENTREHOTEL.LT,37321418,,37321418,,52,29,,"Sausis,Vasaris,Kovas,Balandis,Gegužė,Birželis,Liepa,Rugpjūtis,Rugsėjis,Spalis,Lapkritis,Gruodis",Mašinų stovėjimo aikštelė,,,,,Nėra,,Kavinė,Pirmadienis: 0-24; Atradienis: 0-24; Trečiadienis: 0-24; Ketvirtadienis: 0-24; Penktadienis: 0-24; Šeštadienis: 0-24; Sekmadienis: 0-24
CITY GATE,"Bazilijonų g. 3, Vilniaus m.",3*,2013.12.22,"UA ""City gate""",citygate@mail.lt,2107306,,2107307,,39,24,,"Sausis,Vasaris,Kovas,Balandis,Gegužė,Birželis,Liepa,Rugpjūtis,Rugsėjis,Spalis,Lapkritis,Gruodis","Mašinų stovėjimo aikštelė, Seifas, Skalbimas ir valymas",,,"Fakso aparatas, Kopijavimo aparatas",,Yra,,Restoranas,
CITY PARK HOTEL,"L. Stuokos-Gucevičiaus g. 3, Vilnius",4*,2007.01.20,Uždaroji akcinė bendrovė ”RCD ROOM CONCEPT DESIGN”,citypark@citypark.lt,52123515,,52107460,,134,77,,"Sausis,Vasaris,Kovas,Balandis,Gegužė,Birželis,Liepa,Rugpjūtis,Rugsėjis,Spalis,Lapkritis,Gruodis","Baseinas, Garažas, Pirtis/Sauna, Seifas, Skalbimas ir valymas, Treniruoklių salė, Valiutos keitykla",,,"Fakso aparatas, Internetinis ryšys, Kompiuteris(-iai)",Dviračiai,Yra,,Restoranas,
COMFORT VILNIUS,"Vilniaus m. sav., Vilnius, Gėlių g. 5",3*,2015.06.07,"UAB ""MIKOTELIS""",reservation@comfort.lt,52648833,,52648833,,110,57,,"Sausis,Vasaris,Kovas,Balandis,Gegužė,Birželis,Liepa,Rugpjūtis,Rugsėjis,Spalis,Lapkritis,Gruodis","Automobilių nuoma, Mašinų stovėjimo aikštelė, Seifas, Skalbimas ir valymas",,Interneto kavinė,,,,,,
CONGRESS,"Vilniaus g. 2/15, Vilniaus m.",4*,2015.02.01,"UAB ""Žaliasis tiltas""",info@congress.lt,52691919,,52514280,,139,80,,,"Mašinų stovėjimo aikštelė, Pirtis/Sauna, Seifas, Skalbimas ir valymas, Treniruoklių salė",,,,,Yra,,"Kavinė, Restoranas",
CONTI,"Raugyklos g. 7/2, Vilnius",4*,2013.11.08,"UAB""LETĖJOS GASTRONOMIJA""",info@contihotel.lt,52514111,,52514100,,159,88,,"Sausis,Vasaris,Kovas,Balandis,Gegužė,Birželis,Liepa,Rugpjūtis,Rugsėjis,Spalis,Lapkritis,Gruodis","Automobilių nuoma, Mašinų stovėjimo aikštelė, Pirtis/Sauna, Seifas, Skalbimas ir valymas, Treniruoklių salė, Vaikų priežiura",,,,,Yra,,"Baras, Restoranas",
CONVIVA,"Laisvės a. 16, Panevėžio m.",3*,2013.11.08,"UAB ""Hateksa""",info@conviva.lt,45508302,64035300,45508303,,18,10,,,"Mašinų stovėjimo aikštelė, Seifas, Skalbimas ir valymas",,,,,Yra,,Kavinė,
CORNER HOTEL,"T. Ševčenkos g. 16, Vilnius",2*,2015.05.14,"UAB ""Vystyk""",reservation@cornerhotel.lt,2102361,,2102364,,142,325,,"Sausis,Vasaris,Kovas,Balandis,Gegužė,Birželis,Liepa,Rugpjūtis,Rugsėjis,Spalis,Lapkritis,Gruodis","Mašinų stovėjimo aikštelė, Seifas",,,,,,,Valgykla,Pirmadienis: 0-24; Atradienis: 0-24; Trečiadienis: 0-24; Ketvirtadienis: 0-24; Penktadienis: 0-24; Šeštadienis: 0-24; Sekmadienis: 0-24
CREDO,"Vilniaus al. 2A, Druskininkų m., Druskininkų sav.",3*,2015.03.06,"UAB ""KOLUMBANA""",info@credo-hotel.lt,31351555,,31351555,,44,22,,,Mašinų stovėjimo aikštelė,,,,,Yra,,Kavinė,
CROWNE PLAZA VILNIUS,"M. K. Čiurlionio g. 84, Vilnius",4*,2013.10.04,"Uždaroji akcinė bendrovė ""DRAUGYSTĖS"" viešbutis",info@cpvilnius.com,52743400,,52743420,,216,108,Intercontinental Hotels Group,"Sausis,Vasaris,Kovas,Balandis,Gegužė,Birželis,Liepa,Rugpjūtis,Rugsėjis,Spalis,Lapkritis,Gruodis","Automobilių nuoma, Baseinas, Mašinų stovėjimo aikštelė, Pirtis/Sauna, Seifas, Skalbimas ir valymas, Treniruoklių salė, Vaikų priežiura, Valiutos keitykla",,"Interneto kavinė, Sveikatingumo klubas",,,Yra,,"Baras, Kavinė, Restoranas",
DAINAVA,"Druskininkų sav., Druskininkai, Maironio g. 22",2*,2015.02.01,"V.į. Valstybės ir savivaldybių tarnautijų mokymo centras ""Dainava""",dainava@centrasdainava.lt,31359090,,31359104,,203,,,"Sausis,Vasaris,Kovas,Balandis,Gegužė,Birželis,Liepa,Rugpjūtis,Rugsėjis","Baseinas, Mašinų stovėjimo aikštelė, Pirtis/Sauna, Treniruoklių salė",,,,,,,"Kavinė, Restoranas",Pirmadienis: 0-24; Atradienis: 0-24; Trečiadienis: 0-24; Ketvirtadienis: 0-24; Penktadienis: 0-24; Šeštadienis: 0-24; Sekmadienis: 0-24
DALIA,"Vytauto g. 27, Druskininkų m., Druskininkų sav.",3*,2012.03.24,"UAB ""Maldimas""",info@hoteldalia.lt,31347777,,,,40,18,,,Treniruoklių salė,,,,,,,Kavinė,
DANIELA,"A. Mickevičiaus g. 28, Kauno m.",4*,2012.05.23,"UAB ""Domus athleticus""",danielahotel@kaunas.omnitel.net,37321505,,37321632,,43,23,,,"Požeminis garažas, Seifas, Skalbimas ir valymas",,,,,Yra,,Restoranas,
DAUGIRDAS,"T. Daugirdo g. 4, Kauno m.",4*,2011.07.29,"UAB ""Perkūno namai""",hotel@daugirdas.lt,37301561,,37301562,,83,48,,,"Mašinų stovėjimo aikštelė, Pirtis/Sauna",,,,,Yra,,Restoranas,
DE LITA,"Vytauto g. 43, Druskininkų m., Druskininkų sav.",3*,2015.04.19,"UAB ""VEIKA""",office@veika.lt,31359198,,31360538,,78,39,,,,,,,,Yra,,,
DEIMS,"Lietuvininkų g. 70, Šilutės m., Šilutės r.",3*,2013.10.04,"UAB ""NEMUNO VIEŠBUTIS""",info@deims.lt,44162481,,44152345,,85,43,,,"Mašinų stovėjimo aikštelė, Seifas, Skalbimas ir valymas",,,,,Nėra,,Kavinė,
DOMUS MARIA,"Aušros vartų g. 12, Vilnius",3*,2015.06.07,"VšĮ ""Vilniaus arkivyskupijos ekonomo tarnybos viešbutis Domus Maria",domusmaria@vilnensis.lt,52644880,,52644878,,92,43,,"Sausis,Vasaris,Kovas,Balandis,Gegužė,Birželis,Liepa,Rugpjūtis,Rugsėjis,Spalis,Lapkritis,Gruodis","Mašinų stovėjimo aikštelė, Seifas, Skalbimas ir valymas",,,,,,,,Pirmadienis: 0-24; Atradienis: 0-24; Trečiadienis: 0-24; Ketvirtadienis: 0-24; Penktadienis: 0-24; Šeštadienis: 0-24; Sekmadienis: 0-24
DRUSKININKAI,"V. Kudirkos g. 43, Druskininkų m., Druskininkų sav.",4*,2015.04.19,"UAB ""Palangos vėtra""",,31352566,,31351345,,93,51,,"Sausis,Vasaris,Kovas,Balandis,Gegužė,Birželis,Liepa,Rugpjūtis,Rugsėjis,Spalis,Lapkritis,Gruodis","Baseinas, Mašinų stovėjimo aikštelė, Pirtis/Sauna, Treniruoklių salė",,,,,Yra,,Restoranas,
DRUSKININKŲ SVEIKATINIMO IR POILSIO CENTRAS AQUA,"Vilniaus al. 13, Druskininkų m., Druskininkų sav.",3*,2015.02.01,"UAB ""Stamitos turto valdymas""",aquameduna@stamita.lt,31359195,,31359194,,273,91,,,,,,,,,,Restoranas,
DU BROLIAI,"S. Daukanto g. 15, Palangos m.",3*,2009.08.20,"UAB ""Du broliai""",,46048108,,46054028,,24,10,,,"Baseinas, Pirtis/Sauna, Požeminis garažas, Seifas, Skalbimas ir valymas, Treniruoklių salė",,,,,Yra,,Restoranas,
DZŪKIJA,"V. Kudirkos g. 47, Druskininkai",4*,2015.06.26,"UAB ""GRAND SPA LIETUVA""",info@grandspa.lt,31352541,,31355490,,48,16,,"Sausis,Vasaris,Kovas,Balandis,Gegužė,Birželis,Liepa,Rugpjūtis,Rugsėjis,Spalis,Lapkritis,Gruodis","Baseinas, Pirtis/Sauna, Seifas, Skalbimas ir valymas, Teniso kortai",,Interneto kavinė,"Internetinis ryšys, Kompiuteris(-iai), Kopijavimo aparatas",,Yra,,,Pirmadienis: 0-24; Atradienis: 0-24; Trečiadienis: 0-24; Ketvirtadienis: 0-24; Penktadienis: 0-24; Šeštadienis: 0-24; Sekmadienis: 0-24
DZŪKIJOS VIEŠBUTIS,"Pulko g. 14-1, Alytus",2*,2007.03.29,"UAB ""DZŪKIJOS VIEŠBUTIS""",hoteldzukija@takas.lt,31552002,31553006,31551345,,55,32,,"Sausis,Vasaris,Kovas,Balandis,Gegužė,Birželis,Liepa,Rugpjūtis,Rugsėjis,Spalis,Lapkritis,Gruodis","Garažas, Mašinų stovėjimo aikštelė",,,,,Nėra,,Kavinė,
DZŪKIJOS VIEŠBUTIS,"Pulko g. 14-1, Alytaus m.",2*,2015.02.01,"UAB ""DZŪKIJOS VIEŠBUTIS""",hoteldzukija@takas.lt,52002,53006,31551345,,55,32,,,"Garažas, Mašinų stovėjimo aikštelė, Požeminis garažas, Seifas, Skalbimas ir valymas",,,,,Nėra,,Kavinė,
ECOTEL VILNIUS,"Vilniaus m. sav., Vilnius, Slucko g. 8",2*,2013.10.04,"UAB ""Kelionių viešbučiai""",hotel@ecotel.lt,52102700,,52102707,,322,168,,"Sausis,Vasaris,Kovas,Balandis,Gegužė,Birželis,Liepa,Rugpjūtis,Rugsėjis,Spalis,Lapkritis,Gruodis","Automobilių nuoma, Mašinų stovėjimo aikštelė, Seifas, Skalbimas ir valymas",,,,,Yra,,"Kavinė, Pusryčiai",Pirmadienis: 0-24; Atradienis: 0-24; Trečiadienis: 0-24; Ketvirtadienis: 0-24; Penktadienis: 0-24; Šeštadienis: 0-24; Sekmadienis: 0-24
EGLIŲ SLĖNIS,"Ievos kalno g. 28, Neringa",3*,2015.04.19,"Akcinė bendrovė ""Audėjas""",,38653170,,46953170,,48,20,,"Sausis,Vasaris,Kovas,Balandis,Gegužė,Birželis,Liepa,Rugpjūtis,Rugsėjis,Spalis,Lapkritis,Gruodis",Mašinų stovėjimo aikštelė,,,,,,,Kavinė,
E-GUEST HOUSE,"T. Ševčenkos g. 16, Vilniaus m.",3*,2015.06.07,"UAB ""Paspara""",info@e-guesthouse.lt,52660730,,52335710,,25,14,,,"Baseinas, Požeminis garažas, Skalbimas ir valymas, Teniso kortai, Treniruoklių salė",,Sveikatingumo klubas,,,Yra,,Kavinė,
E-GUESTHOUSE,"T. Ševčenkos g. 16, Vilnius",3*,2007.05.13,"Uždaroji akcinė bendrovė ""PASPARA"" svečių namai",info@e-guesthouse.lt,52660730,,52335710,,25,14,,"Sausis,Vasaris,Kovas,Balandis,Gegužė,Birželis,Liepa,Rugpjūtis,Rugsėjis,Spalis,Lapkritis,Gruodis","Automobilių nuoma, Mašinų stovėjimo aikštelė, Pirtis/Sauna, Seifas, Skalbimas ir valymas, Treniruoklių salė",Klasikinis masažas,,,,Yra,,,
ELEKTRA,"Žvejų g. 14A, Vilnius",3*,2005.03.08,"Uždaroji akcinė bendrovė ""ELEKTROS VIEŠBUTIS""",hotel.elektra@lpc.lt,52626748,,52723779,,23,14,,"Sausis,Vasaris,Kovas,Balandis,Gegužė,Birželis,Liepa,Rugpjūtis,Rugsėjis,Spalis,Lapkritis,Gruodis",Mašinų stovėjimo aikštelė,,,,,Nėra,,Kavinė,
EMBASSY HOTEL BALATONAS,"Latvių g. 38, Vilniaus m.",4*,2011.07.22,"UAB ""Hago""",info@embassyhotel.lt,52722250,,52784942,,51,28,,,"Mašinų stovėjimo aikštelė, Seifas, Skalbimas ir valymas",,,,,Yra,,Restoranas,
EUROPA CITY VILNIUS,"Vilniaus m. sav., Vilnius, J. Jasinskio g. 14",3*,2015.07.30,"UAB ""Transmedos valda""",city@hoteleuropa.lt,52514477,,52514476,,256,128,EUROPA GROUP,"Sausis,Vasaris,Kovas,Balandis,Gegužė,Birželis,Liepa,Rugpjūtis,Rugsėjis,Spalis,Lapkritis,Gruodis","Automobilių nuoma, Mašinų stovėjimo aikštelė, Pirtis/Sauna, Seifas, Skalbimas ir valymas, Treniruoklių salė, Vaikų priežiura, Valiutos keitykla",Klasikinis masažas,Interneto kavinė,,Dviračiai,Yra,,Restoranas,
EUROPA ROYALE,"Aušros Vartų g. 6, Vilnius",4*,2015.04.19,"Uždaroji akcinė bendrovė ""SENAMIESČIO KOMFORTAS""",reservation@hoteleuropa.lt,52660770,,5262000,,76,39,GROUP EUROPA,"Sausis,Vasaris,Kovas,Balandis,Gegužė,Birželis,Liepa,Rugpjūtis,Rugsėjis,Spalis,Lapkritis,Gruodis","Automobilių nuoma, Mašinų stovėjimo aikštelė, Seifas, Skalbimas ir valymas, Vaikų priežiura","Klasikinis masažas, Relakcinis masažas",Naktinis klubas,,Dviračiai,Yra,,Restoranas,
EUROPA ROYALE DRUSKININKAI,"Vilniaus al. 7, Druskininkų m., Druskininkų sav.",4*,2013.11.08,"UAB ""Kortas""",info@kortas.lt,31342221,,31342223,,125,65,Europa Group,"Sausis,Vasaris,Kovas,Balandis,Gegužė,Birželis,Liepa,Rugpjūtis,Rugsėjis,Spalis,Lapkritis,Gruodis","Baseinas, Mašinų stovėjimo aikštelė, Pirtis/Sauna",,,,,Yra,,"Baras, Restoranas",
EUROPA ROYALE HOTEL KAUNAS,"Miško g. 11, Kaunas",4*,2013.12.22,"UAB""JUNGTINIS TURTO CENTRAS""",kaunas@europaroyale.com,37407500,,37407501,,180,91,,"Sausis,Vasaris,Kovas,Balandis,Gegužė,Birželis,Liepa,Rugpjūtis,Rugsėjis,Spalis,Lapkritis,Gruodis","Mašinų stovėjimo aikštelė, Pirtis/Sauna, Seifas, Skalbimas ir valymas, Vaikų priežiura",,,Internetinis ryšys,,Yra,,"Baras, Kavinė, Restoranas",
EUROPA ROYALE MARIJAMPOLĖ,"J. Basanavičiaus a. 8, Marijampolės m., Marijampolės sav.",4*,2013.12.22,"UAB ""Noringė""",marijampole@europaroyale.com,34397778,,34331011,,88,47,,,"Mašinų stovėjimo aikštelė, Pirtis/Sauna, Seifas, Skalbimas ir valymas, Soliariumas, Treniruoklių salė",,,,,Yra,,"Baras, Restoranas",
EUROPA STAY VILNIUS,"Ąžuolyno g. 7, Vilniaus m.",3*,2013.11.08,"UAB ""Viešbučių valdymas""",ehotels@ehotels.lt,52362222,,52362233,,190,101,,,"Mašinų stovėjimo aikštelė, Pirtis/Sauna, Teniso kortai, Treniruoklių salė",,"Sporto aikštelė, Sporto salė, Sveikatingumo klubas",,,Yra,,"Kavinė, Restoranas",
EUTERPĖ,"Daržų g. 9, Klaipėdos m.",4*,2013.12.22,"UAB ""Gensina""",hotel@euterpe.lt,46474703,,46474705,,32,16,,"Sausis,Vasaris,Kovas,Balandis,Gegužė,Birželis,Liepa,Rugpjūtis,Rugsėjis,Spalis,Lapkritis,Gruodis",Mašinų stovėjimo aikštelė,,,,,Yra,,Restoranas,
GABIJA,"Vytauto g. 40, Palangos m.",4*,2013.10.04,"UAB ""Pajūrio Gabija""",info@gabija.lt,46048251,,46057591,,112,56,,"Sausis,Vasaris,Kovas,Balandis,Gegužė,Birželis,Liepa,Rugpjūtis,Rugsėjis,Spalis,Lapkritis,Gruodis","Baseinas, Mašinų stovėjimo aikštelė, Pirtis/Sauna, Treniruoklių salė",,,,,Yra,,Restoranas,
GABRIELLA,"Jaunystės g. 21, Visagino m., Visagino sav.",3*,2013.10.04,"UAB ""LAGIVA""",lagiva@gabriella.lt,38670171,,38670151,,18,10,,"Sausis,Vasaris,Kovas,Balandis,Gegužė,Birželis,Liepa,Rugpjūtis,Rugsėjis,Spalis,Lapkritis,Gruodis","Baseinas, Mašinų stovėjimo aikštelė, Pirtis/Sauna",,,,,,,Kavinė,
GALIA,"Dabintos g. 3, Druskininkai",3*,2015.03.06,"Uždaroji akcinė bendrovė ""GALIA""",hotel2@galia.lt,31360510,,31360512,,124,55,,"Sausis,Vasaris,Kovas,Balandis,Gegužė,Birželis,Liepa,Rugpjūtis,Rugsėjis,Spalis,Lapkritis,Gruodis","Baseinas, Pirtis/Sauna, Treniruoklių salė",,,,,,,"Kavinė, Restoranas",Pirmadienis: 0-24; Atradienis: 0-24; Trečiadienis: 0-24; Ketvirtadienis: 0-24; Penktadienis: 0-24; Šeštadienis: 0-24; Sekmadienis: 0-24
GALIA,"Druskininkų sav., Druskininkai, M. K. Čiurlionio g. 97",3*,2015.03.06,"Uždaroji akcinė bendrovė ""GALIA""",hotel4@galia.lt,31360514,,31355100,,124,55,,"Sausis,Vasaris,Kovas,Balandis,Gegužė,Birželis,Liepa,Rugpjūtis,Rugsėjis,Spalis,Lapkritis,Gruodis","Baseinas, Pirtis/Sauna, Treniruoklių salė",,,,,,,"Kavinė, Restoranas",Pirmadienis: 0-24; Atradienis: 0-24; Trečiadienis: 0-24; Ketvirtadienis: 0-24; Penktadienis: 0-24; Šeštadienis: 0-24; Sekmadienis: 0-24
GAMANTA,"Plytų g. 7, Palanga",4*,2015.03.06,"Uždaroji akcinė bendrovė ""Gamanta servisas""",info@gamanta.lt,46048885,46040000,46048889,,66,33,,"Sausis,Vasaris,Kovas,Balandis,Gegužė,Birželis,Liepa,Rugpjūtis,Rugsėjis,Spalis,Lapkritis,Gruodis","Automobilių nuoma, Baseinas, Mašinų stovėjimo aikštelė, Pirtis/Sauna, Skalbimas ir valymas",,,,,,,Baras,
GILĖ,"T. Ševčenkos g. 16, Vilniaus m.",2*,2011.10.06,"UAB ""Apgyvendinimo sprendimai""",info@gilehotel.lt,52032070,,52032077,,148,73,,,Mašinų stovėjimo aikštelė,,,,,Yra,,Pusryčiai,
GILIJA,"Vytauto g. 17, Šilutės m., Šilutės r.",4*,2015.04.19,"UAB ""GILIJA""",info@silutesgilija.lt,44161641,44152572,44161643,,32,16,,,"Baseinas, Pirtis/Sauna, Seifas",,,,,Yra,,Restoranas,
GRAFAITĖS SVETAINĖ,"Aušros g. 1, Ginkūnai, Šiaulių r.",3*,2015.03.06,"UAB ""Šiaulių dujotiekio komercija""",info@hotelgrafaite.com,41589120,,41502152,,44,21,,"Sausis,Vasaris,Kovas,Balandis,Gegužė,Birželis,Liepa,Rugpjūtis,Rugsėjis,Spalis,Lapkritis,Gruodis","Baseinas, Mašinų stovėjimo aikštelė, Pirtis/Sauna",,,,,,,,
GRAFO ZUBOVO,"Dubysos g. 1, Bubių k., Šiaulių r.",4*,2013.10.11,"UAB ""Averita""",info@grafozubovo.lt,41430404,68688555,41552350,,26,10,,,"Mašinų stovėjimo aikštelė, Seifas, Skalbimas ir valymas",,,,,Yra,,Restoranas,
GRAND SPA LIETUVA,Druskininkų sav.,3*,2015.04.19,"UAB ""Grand Spa Lietuva""",info@grandspa.lt,31352414,,31355490,,358,179,,"Sausis,Vasaris,Kovas,Balandis,Gegužė,Birželis,Liepa,Rugpjūtis,Rugsėjis,Spalis,Lapkritis,Gruodis","Baseinas, Pirtis/Sauna, Seifas, Skalbimas ir valymas, Teniso kortai, Treniruoklių salė, Vaikų priežiura",,,,Sporto inventorius,Yra,,,
GRATA HOTEL,"Vytenio g. 9/25, Vilniaus m.",3*,2015.04.19,"UAB ""Centrum""",hotel@centrum.lt,52683300,,52132760,,162,100,,"Sausis,Vasaris,Kovas,Balandis,Gegužė,Birželis,Liepa,Rugpjūtis,Rugsėjis,Spalis,Lapkritis,Gruodis","Baseinas, Mašinų stovėjimo aikštelė, Pirtis/Sauna, Seifas, Skalbimas ir valymas",,,,,Yra,,"Baras, Restoranas",
GREEN VILNIUS HOTEL,"Pilaitės pr. 20, Vilnius",3*,2015.04.19,"UAB ""Green Vilnius Hotel""",info@greenhotel.lt,52500695,,52500694,,257,126,,"Sausis,Vasaris,Kovas,Balandis,Gegužė,Birželis,Liepa,Rugpjūtis,Rugsėjis,Spalis,Lapkritis,Gruodis","Mašinų stovėjimo aikštelė, Seifas, Skalbimas ir valymas",,,,,,,Restoranas,Pirmadienis: 0-24; Atradienis: 0-24; Trečiadienis: 0-24; Ketvirtadienis: 0-24; Penktadienis: 0-24; Šeštadienis: 0-24; Sekmadienis: 0-24
GRĖJAUS NAMAS,"Didžioji g. 36, Kėdainių m., Kėdainių r.",3*,2015.03.06,Arvydo Petrulio įmonė,hotel@grejausnamas.lt,34754823,,34754923,,33,18,,,"Mašinų stovėjimo aikštelė, Pirtis/Sauna, Seifas, Skalbimas ir valymas",,,"Fakso aparatas, Internetinis ryšys, Kopijavimo aparatas",,,,"Baras, Restoranas",
GROTTHUSS HOTEL,"Ligoninės g. 7, Vilnius",4*,2009.08.20,"Uždaroji akcinė bendrovė ""EDAMA""",info@grotthusshotel.com,52660322,,52660323,,41,21,,"Sausis,Vasaris,Kovas,Balandis,Gegužė,Birželis,Liepa,Rugpjūtis,Rugsėjis,Spalis,Lapkritis,Gruodis","Automobilių nuoma, Mašinų stovėjimo aikštelė, Pirtis/Sauna, Seifas, Skalbimas ir valymas, Valiutos keitykla","Klasikinis masažas, Relakcinis masažas",Interneto kavinė,,,Yra,,Restoranas,
GROŽIO SALA,"Č. Sugiharos g. 3, Vilniaus m.",3*,2009.08.20,"UAB ""Grožio terapijos ir chirurgijos klinika""",info@sugihara.lt,52705719,,52705718,,16,10,,,"Požeminis garažas, Seifas, Skalbimas ir valymas, Treniruoklių salė",,,,,Nėra,,Kavinė,
HBH JUOZO ALAUS BRAVORO VIEŠBUTIS,"Žibininkai, Kretingos r.",2*,2008.05.12,"UAB ""Žibosa""",info@hbhjuozas.lt,44544423,,44544423,,30,11,,"Sausis,Vasaris,Kovas,Balandis,Gegužė,Birželis,Liepa,Rugpjūtis,Rugsėjis,Spalis,Lapkritis,Gruodis","Baseinas, Mašinų stovėjimo aikštelė, Pirtis/Sauna",,"Sporto aikštelė, Vaikų žaidimo aikštelė",,,Nėra,,,
HERMIS,"Savanorių pr. 404, Kauno m.",4*,2015.04.20,"UAB ""Dileksima""",hermis.hotel@takas.lt,490304,,490313,,23,12,,"Sausis,Vasaris,Kovas,Balandis,Gegužė,Birželis,Liepa,Rugpjūtis,Rugsėjis,Spalis,Lapkritis,Gruodis","Baseinas, Mašinų stovėjimo aikštelė, Pirtis/Sauna, Seifas, Skalbimas ir valymas, Treniruoklių salė",,,,,Yra,,Restoranas,
HOLIDAY INN VILNIUS,"Šeimyniškių g. 1, Vilniaus m.",4*,2013.10.04,"AB ""Valmeda""",,2103000,,2103001,,268,134,,"Sausis,Vasaris,Kovas,Balandis,Gegužė,Birželis,Liepa,Rugpjūtis,Rugsėjis,Spalis,Lapkritis,Gruodis","Mašinų stovėjimo aikštelė, Pirtis/Sauna, Požeminis garažas, Seifas, Skalbimas ir valymas, Treniruoklių salė, Valiutos keitykla",,,,,Yra,,"Baras, Restoranas",
HOTEL TILTO,"Tilto g. 8, Vilniaus m.",3*,2013.10.04,"UAB A.C. ""Property Partners""",info@hoteltilto.lt,52100021,,52100020,,74,35,,,"Pirtis/Sauna, Skalbimas ir valymas",,,,,Yra,,"Baras, Kavinė",
IBIS KAUNAS CENTRE,"Vytauto pr. 28, LT-44328 Kaunas",2*,2015.07.30,"UAB ""Doriteksas""",H8622@accor.com,37265600,,37265666,,166,125,ACCOR,"Sausis,Vasaris,Kovas,Balandis,Gegužė,Birželis,Liepa,Rugpjūtis,Rugsėjis,Spalis,Lapkritis,Gruodis",,,,Internetinis ryšys,,Yra,,Restoranas,Pirmadienis: 0-24; Atradienis: 0-24; Trečiadienis: 0-24; Ketvirtadienis: 0-24; Penktadienis: 0-24; Šeštadienis: 0-24; Sekmadienis: 0-24
INFO HOTEL,"Vytauto g. 116, Palangos m.",3*,2015.05.14,"UAB ""Palangos Tauras""",info@feliksas.lt,46040011,,46040012,,35,11,,"Sausis,Vasaris,Kovas,Balandis,Gegužė,Birželis,Liepa,Rugpjūtis,Rugsėjis,Spalis,Lapkritis,Gruodis",Mašinų stovėjimo aikštelė,,,,,Nėra,,Baras,
IVOLITA,"Šv. Jokūbo g. 10, Druskininkų m., Druskininkų sav.",3*,2015.03.06,"UAB "" Poilsio investicija""",hotel@ivolita.lt,31340030,,31340029,,54,27,,,Mašinų stovėjimo aikštelė,,,,,Yra,,Kavinė,
JEREVAN,"M. K. Čiurlionio g. 128, Druskininkų m., Druskininkų sav.",3*,2009.08.20,Siranuš Gasparian įmonė,martingass@takas.lt,31355554,,31355554,,20,10,,"Sausis,Vasaris,Kovas,Balandis,Gegužė,Birželis,Liepa,Rugpjūtis,Rugsėjis,Spalis,Lapkritis,Gruodis",,,,,,,,,Pirmadienis: 0-24; Atradienis: 0-24; Trečiadienis: 0-24; Ketvirtadienis: 0-24; Penktadienis: 0-24; Šeštadienis: 0-24; Sekmadienis: 0-24
JERUZALĖS VIEŠBUTIS,"Kalvarijų g. 247, Vilniaus m.",2*,2015.02.01,"UAB ""Jeruzalės viešbutis""",jeruzale@takas.lt,52714040,52762627,,,61,29,,,"Baseinas, Mašinų stovėjimo aikštelė, Pirtis/Sauna, Seifas, Skalbimas ir valymas",,,,,Nėra,,Kavinė,Pirmadienis: 0-24; Atradienis: 0-24; Trečiadienis: 0-24; Ketvirtadienis: 0-24; Penktadienis: 0-24; Šeštadienis: 0-24; Sekmadienis: 0-24
JUKNAIČIAI,"Beržų g. 3, Juknaičiai, Juknaičių sen., Šilutės raj.",3*,2007.05.12,"Žemės ūkio bendrovė ""Turizmo ir sveikatingumo bendrovė ""Juknaičiai""",tsab@one.lt,44158973,,44158963,,50,24,,"Sausis,Vasaris,Kovas,Balandis,Gegužė,Birželis,Liepa,Rugpjūtis,Rugsėjis,Spalis,Lapkritis,Gruodis","Baseinas, Mašinų stovėjimo aikštelė, Pirtis/Sauna, Treniruoklių salė",,,,,,,"Baras, Restoranas",
JŪRAGIS,"Klaipėdos m. sav., Klaipėda, Debreceno g. 27",1*,2015.05.14,"UAB viešbutis ""Jūragis""",,46300944,,46343142,,32,1,,"Sausis,Vasaris,Kovas,Balandis,Gegužė,Birželis,Liepa,Rugpjūtis,Rugsėjis,Spalis,Lapkritis,Gruodis",Mašinų stovėjimo aikštelė,,,,,Nėra,,Kavinė,Pirmadienis: 0-24; Atradienis: 0-24; Trečiadienis: 0-24; Ketvirtadienis: 0-24; Penktadienis: 0-24; Šeštadienis: 0-24; Sekmadienis: 0-24
JŪRATĖ,"Pamario g. 3, Neringa",2*,2007.03.08,Akcinė bendrovė ”Jūratė”,jurate-nida@takas.lt,46952618,,46951118,,226,118,,"Sausis,Vasaris,Kovas,Balandis,Gegužė,Birželis,Liepa,Rugpjūtis,Rugsėjis,Spalis,Lapkritis,Gruodis","Baseinas, Mašinų stovėjimo aikštelė, Pirtis/Sauna, Treniruoklių salė",,,,,Yra,,"Kavinė, Valgykla",
JURBARKAS,"Dariaus ir Girėno g. 98, Jurbarko m., Jurbarko r.",2*,2009.12.29,Tado Raičiūno įmonė,info@hoteljurbarkas.lt,44751646,,44751646,,71,27,,,"Mašinų stovėjimo aikštelė, Pirtis/Sauna, Seifas, Skalbimas ir valymas",,,,,Yra,,Kavinė,
KARALIŠKOJI REZIDENCIJA,Pakalnės g. 3,4*,2012.04.28,"UAB ""Senjorų rezidencija""",info@karaliskojirezidencija.lt,31962030,,31962031,,147,78,,"Sausis,Vasaris,Kovas,Balandis,Gegužė,Birželis,Liepa,Rugpjūtis,Rugsėjis,Spalis,Lapkritis,Gruodis","Baseinas, Garažas, Seifas, Skalbimas ir valymas, Vaikų priežiura","Klasikinis masažas, Manualinė kineziterapija, Vaistažolių vonios (mineralinio vandens pagrindu)",Sporto aikštelė,,Sporto inventorius,Yra,,,
KARALIŠKOJI REZIDENCIJA,"Pakalnės g. 3, Birštonas",4*,2012.04.28,"UAB ""Senjorų rezidencija""",,31962030,,31962031,,147,78,,"Sausis,Vasaris,Kovas,Balandis,Gegužė,Birželis,Liepa,Rugpjūtis,Rugsėjis,Spalis,Lapkritis,Gruodis","Baseinas, Garažas, Seifas, Skalbimas ir valymas, Vaikų priežiura","Klasikinis masažas, Manualinė kineziterapija, Vaistažolių vonios (mineralinio vandens pagrindu)",Sporto aikštelė,,Sporto inventorius,Yra,,,
KAROLINA,"Sausio 13-osios g. 2, Vilnius",3*,2013.10.11,"UAB ""KAROLINOS TURAS""",info@karolina.lt,52168945,,52169341,,,100,,"Sausis,Vasaris,Kovas,Balandis,Gegužė,Birželis,Liepa,Rugpjūtis,Rugsėjis,Spalis,Lapkritis,Gruodis","Baseinas, Biliardas, Mašinų stovėjimo aikštelė, Pirtis/Sauna, Skalbimas ir valymas, Teniso kortai, Treniruoklių salė, Valiutos keitykla",,"Boulingas, Interneto kavinė",,,,,"Banketinė salė, Restoranas",Pirmadienis: 0-24; Atradienis: 0-24; Trečiadienis: 0-24; Ketvirtadienis: 0-24; Penktadienis: 0-24; Šeštadienis: 0-24; Sekmadienis: 0-24
KAUNAS,"Kauno m. sav., Kaunas, Laisvės al. 79",4*,2015.02.01,"UAB ""Kauno viešbutis""",kaunas@kaunashotel.lt,37750850,,37750851,,73,57,,"Sausis,Vasaris,Kovas,Balandis,Gegužė,Birželis,Liepa,Rugpjūtis,Rugsėjis,Spalis,Lapkritis,Gruodis","Automobilių nuoma, Baseinas, Mašinų stovėjimo aikštelė, Pirtis/Sauna, Seifas, Skalbimas ir valymas, Treniruoklių salė, Valiutos keitykla",,Sveikatingumo klubas,"Fakso aparatas, Internetinis ryšys, Kopijavimo aparatas",,Yra,,"Baras, Restoranas",Pirmadienis: 0-24; Atradienis: 0-24; Trečiadienis: 0-24; Ketvirtadienis: 0-24; Penktadienis: 0-24; Šeštadienis: 0-24; Sekmadienis: 0-24
KAUNAS CITY,"Laisvės al. 90, Kauno m.",2*,2013.11.08,"UAB ""R. Meškos firma""",info@kaunascityhotel.com,220220,,788508,,95,44,,"Sausis,Vasaris,Kovas,Balandis,Gegužė,Birželis,Liepa,Rugpjūtis,Rugsėjis,Spalis,Lapkritis,Gruodis","Mašinų stovėjimo aikštelė, Seifas",,Interneto kavinė,,,Yra,,Pusryčiai,Pirmadienis: 0-24; Atradienis: 0-24; Trečiadienis: 0-24; Ketvirtadienis: 0-24; Penktadienis: 0-24; Šeštadienis: 0-24; Sekmadienis: 0-24
KERPĖ,"Vytauto g. 76, Palangos m.",3*,2015.06.07,"UAB ""Rada""",info@kerpehotel.lt,46052379,,46052349,,66,23,,"Sausis,Vasaris,Kovas,Balandis,Gegužė,Birželis,Liepa,Rugpjūtis,Rugsėjis,Spalis,Lapkritis,Gruodis","Mašinų stovėjimo aikštelė, Pirtis/Sauna",,,,,,,Restoranas,
KETURI KALNAI,"Liudiškių g. 18, Anykščių m., Anykščių r.",3*,2012.03.31,"UAB ""KETURI KALNAI""",info@keturikalnai.lt,38158520,,38158640,,55,27,,,"Baseinas, Mašinų stovėjimo aikštelė, Pirtis/Sauna, Seifas, Skalbimas ir valymas, Teniso kortai, Treniruoklių salė",,,,,Yra,,"Kavinė, Restoranas",
KLAIPĖDA,"Naujojo Sodo g. 1, Klaipėda",4*,2008.05.12,Akcinė bendrovė ''KLAIPĖDOS'' VIEŠBUTIS,hotel@klaipedahotel.lt,46404372,,46404373,,307,605,,"Sausis,Vasaris,Kovas,Balandis,Gegužė,Birželis,Liepa,Rugpjūtis,Rugsėjis,Spalis,Lapkritis,Gruodis","Automobilių nuoma, Baseinas, Mašinų stovėjimo aikštelė, Pirtis/Sauna, Seifas, Skalbimas ir valymas, Treniruoklių salė",,"Kazino, Naktinis klubas, Sveikatingumo klubas",,,Yra,,"Banketinė salė, Kavinė, Restoranas",Pirmadienis: 0-24; Atradienis: 0-24; Trečiadienis: 0-24; Ketvirtadienis: 0-24; Penktadienis: 0-24; Šeštadienis: 0-24; Sekmadienis: 0-24
KUPIŠKIO VERSLO IR TECHNOLOGIJOS MOKYKLOS VIEŠBUTIS,"Smilgių k., Kupiškio r.",2*,2013.10.04,Kupiškio technologijos ir verslo mokykla,,45935412,,45935355,,55,29,,,Treniruoklių salė,,Sporto aikštelė,,,,,Kavinė,
KURĖNAS,"L. Rėzos g. 10, Neringa",3*,2012.07.20,L.Kareivos individuali įmonė,,46953101,,46953101,,18,7,,"Sausis,Vasaris,Kovas,Balandis,Gegužė,Birželis,Liepa,Rugpjūtis,Rugsėjis,Spalis,Lapkritis,Gruodis",Mašinų stovėjimo aikštelė,,,,,,,Kavinė,
KURŠIŲ KAIMAS,"Vytauto g. 79/Gintaro g.30, Palangos m.",3*,2015.03.06,"UAB ""BALTIJOS ENERGIJA""",info@kursiukaimas.lt,46045644,,46045644,,152,70,,,"Mašinų stovėjimo aikštelė, Pirtis/Sauna, Seifas, Skalbimas ir valymas",,,,,Yra,,,
LAIMA,"Draugystės g. 2, Druskininkų m., Druskininkų sav.",2*,2008.07.20,"A. Vasiliausko visuomeninio maitinimo įmonė ""Laima""",hotel.laima@one.lt,31352847,,31353754,,16,10,,,"Baseinas, Požeminis garažas, Seifas, Skalbimas ir valymas",,,,,Nėra,,Restoranas,
LAŠAS,"J. Basanavičiaus g. 29, Palangos m.",3*,2011.07.29,"L. Želvio VMĮ ""Goda""",lasashotel@gmail.com,46030320,,46030321,,28,13,,,,,,,,,,Restoranas,
LE MERIDIEN VILNIUS,"Greitkelis A2, Vilnius - Ryga 19tas m, Ežeraičių k., Vilniaus r.",5*,2015.03.06,"Uždaroji akcinė bendrovė ""VILLON""",info@lemeridien.lt,52739700,,52739730,,382,193,Le Meridien,"Sausis,Vasaris,Kovas,Balandis,Gegužė,Birželis,Liepa,Rugpjūtis,Rugsėjis,Spalis,Lapkritis,Gruodis","Baseinas, Mašinų stovėjimo aikštelė, Pirtis/Sauna, Treniruoklių salė, Turkiška pirtis, Vaikų priežiura",,,,,Yra,,"Baras, Kavinė, Restoranas",
LIETUVA,"Druskininkų sav., Druskininkai, Maironio g. 45",3*,2011.05.23,"UAB ""Lietuvos"" sanatorija",info@sanatorijalietuva.lt,31352414,,31355490,,312,160,,"Sausis,Vasaris,Kovas,Balandis,Gegužė,Birželis,Liepa,Rugpjūtis,Rugsėjis,Spalis,Lapkritis,Gruodis","Baseinas, Mašinų stovėjimo aikštelė, Pirtis/Sauna, Teniso kortai, Treniruoklių salė",,,,,Yra,,"Kavinė, Valgykla",Pirmadienis: 0-24; Atradienis: 0-24; Trečiadienis: 0-24; Ketvirtadienis: 0-24; Penktadienis: 0-24; Šeštadienis: 0-24; Sekmadienis: 0-24
LIJO,"Sodo g. 5, Gargždų m., Klaipėdos r.",3*,2015.07.30,Liepa,info@lijo.lt,46470430,68779913,46452647,,26,12,,,Požeminis garažas,,"Sporto aikštelė, Sveikatingumo klubas",,,Yra,,"Kavinė, Restoranas",
LINELIS,"Paplatelės k., Žemaičių Kalvarijos sen., Plungės r.",2*,2015.03.06,SADOVALIS,info@linelis.lt,44849422,,44849422,,19,10,,"Sausis,Vasaris,Kovas,Balandis,Gegužė,Birželis,Liepa,Rugpjūtis,Rugsėjis,Spalis,Lapkritis,Gruodis",Mašinų stovėjimo aikštelė,,,,,,,Restoranas,
LIUKRENA,"Vytauto g. 93A, Palangos m.",3*,2013.10.04,"UAB ""Liukrena""",liuka_sks@palanga.omnitel.lt,46052521,,46048954,,47,25,,"Sausis,Vasaris,Kovas,Balandis,Gegužė,Birželis,Liepa,Rugpjūtis,Rugsėjis,Spalis,Lapkritis,Gruodis","Baseinas, Pirtis/Sauna",,,,,Nėra,,Restoranas,
LŪGNĖ,"Klaipėdos m. sav., Klaipėda, Galinio Pylimo g. 16",3*,2010.10.27,"UAB ""Kopų lūgnė",lugne@pajuris.lt,46411884,,46411884,,46,26,,"Sausis,Vasaris,Kovas,Balandis,Gegužė,Birželis,Liepa,Rugpjūtis,Rugsėjis,Spalis,Lapkritis,Gruodis","Baseinas, Mašinų stovėjimo aikštelė, Pirtis/Sauna",,,,,Nėra,,"Baras, Restoranas",Pirmadienis: 0-24; Atradienis: 0-24; Trečiadienis: 0-24; Ketvirtadienis: 0-24; Penktadienis: 0-24; Šeštadienis: 0-24; Sekmadienis: 0-24
LŪNA,Marijampolės sav.,3*,2015.06.07,"Bendra Lietuvos - Vokietjos įmonė UAB ""Litbela""",Litbela@litbela.lt,34354202,34356806,,,64,32,,,"Mašinų stovėjimo aikštelė, Pūlas, Seifas, Skalbimas ir valymas",,"Boulingas, Naktinis klubas",,,Yra,,"Baras, Restoranas",
MABRE RESIDENCE HOTEL,"L. Stuokos-Gucevičiaus g. 3, Vilniaus m.",4*,2013.12.22,"UAB ""RCD room concept design",mabre@mabre.lt,2122411,,2122240,,72,41,,"Sausis,Vasaris,Kovas,Balandis,Gegužė,Birželis,Liepa,Rugpjūtis,Rugsėjis,Spalis,Lapkritis,Gruodis","Baseinas, Mašinų stovėjimo aikštelė, Pirtis/Sauna, Seifas, Skalbimas ir valymas, Treniruoklių salė",,,,,Yra,,Restoranas,
MAGNISIMA,"J. Janonio g. 11, Klaipėda",3*,2012.03.04,"Uždaroji akcinė bendrovė ""MAGNISIMA""",info@magnisima.lt,46310901,,46310901,,34,17,,"Sausis,Vasaris,Kovas,Balandis,Gegužė,Birželis,Liepa,Rugpjūtis,Rugsėjis,Spalis,Lapkritis,Gruodis",Mašinų stovėjimo aikštelė,,,,,Nėra,,Restoranas,Pirmadienis: 0-24; Atradienis: 0-24; Trečiadienis: 0-24; Ketvirtadienis: 0-24; Penktadienis: 0-24; Šeštadienis: 0-24; Sekmadienis: 0-24
MAGNUS HOTEL,"Vytauto pr. 25, Kauno m.",3*,2015.03.06,"UAB ""Inkontas""",manager@magnushotel.lt,37340000,,37240804,,,82,,,"Mašinų stovėjimo aikštelė, Seifas, Skalbimas ir valymas",,,,,Yra,,"Baras, Restoranas",
MARGIS,"Gilušio g. 6, Trakų m., Trakų r.",4*,2009.12.29,"UAB ""Lausna""",vygantas@margis.lt,52821716,,52821720,,82,31,,"Sausis,Vasaris,Kovas,Balandis,Gegužė,Birželis,Liepa,Rugpjūtis,Rugsėjis,Spalis,Lapkritis,Gruodis","Baseinas, Mašinų stovėjimo aikštelė, Pirtis/Sauna, Teniso kortai, Treniruoklių salė",,Sporto aikštelė,,,Yra,,"Baras, Restoranas",
MARGIS,"Pensininkų km., Trakų r.",4*,2013.10.04,"UAB ""Lausna""",,52821717,52821716,21720,,104,31,,"Sausis,Vasaris,Kovas,Balandis,Gegužė,Birželis","Baseinas, Mašinų stovėjimo aikštelė, Pirtis/Sauna, Seifas, Skalbimas ir valymas, Teniso kortai, Treniruoklių salė, Vaikų priežiura",,Sporto aikštelė,,Sporto inventorius,,,Restoranas,Pirmadienis: 0-24; Atradienis: 0-24; Trečiadienis: 0-24; Ketvirtadienis: 0-24; Penktadienis: 0-24; Šeštadienis: 0-24; Sekmadienis: 0-24
MARTIALIS,"Bistryčios g. 13, Vilnius",3*,2011.03.03,"UAB ""Sporto viešbutis""",info@martialis.lt,52104800,,52340293,,224,114,,"Sausis,Vasaris,Kovas,Balandis,Gegužė,Birželis,Liepa,Rugpjūtis,Rugsėjis,Spalis,Lapkritis,Gruodis","Automobilių nuoma, Mašinų stovėjimo aikštelė, Seifas, Skalbimas ir valymas",,,,,Yra,,,
MEDŪNA,"Liepų g. 2, Druskininkai, Druskininkų sav.",3*,2013.12.22,"UAB ""Stamita""",meduna@stamita.lt,31358033,,31358034,,62,20,,"Sausis,Vasaris,Kovas,Balandis,Gegužė,Birželis,Liepa,Rugpjūtis,Rugsėjis,Spalis,Lapkritis,Gruodis","Mašinų stovėjimo aikštelė, Skalbimas ir valymas",,,,,Yra,,Restoranas,Pirmadienis: 0-24; Atradienis: 0-24; Trečiadienis: 0-24; Ketvirtadienis: 0-24; Penktadienis: 0-24; Šeštadienis: 0-24; Sekmadienis: 0-24
MEDŪZA,"Palangos m. sav., Palanga, Kontininkų g. 9",3*,2013.12.22,"UAB ""PALANGOS VERSMĖ""",viesbutis@pkmeduza.lt,46056450,46056420,46048148,,50,25,,"Sausis,Vasaris,Kovas,Balandis,Gegužė,Birželis,Liepa,Rugpjūtis,Rugsėjis,Spalis,Lapkritis,Gruodis","Baseinas, Mašinų stovėjimo aikštelė, Pirtis/Sauna",,,,,Yra,,"Baras, Restoranas",
MĖGUVA,"Palangos m. sav., Palanga, M. Valančiaus g. 1",1*,2008.02.07,"UAB ""Alminga""",info@alanga.lt,46048839,,46048819,,60,28,,"Sausis,Vasaris,Kovas,Balandis,Gegužė,Birželis,Liepa,Rugpjūtis,Rugsėjis,Spalis,Lapkritis,Gruodis",Mašinų stovėjimo aikštelė,,,,,Nėra,,,
MEMEL HOTEL,"Bangų g. 4, Klaipėdos m.",3*,2015.06.07,"UAB ""Bangų gatvės viešbutis""",sales@memelhotel.lt,46474900,,46474955,,82,50,,"Sausis,Vasaris,Kovas,Balandis,Gegužė,Birželis,Liepa,Rugpjūtis,Rugsėjis,Spalis,Lapkritis,Gruodis","Mašinų stovėjimo aikštelė, Seifas, Skalbimas ir valymas",,,"Kompiuteris(-iai), Kopijavimo aparatas",,Yra,,,Pirmadienis: 0-24; Atradienis: 0-24; Trečiadienis: 0-24; Ketvirtadienis: 0-24; Penktadienis: 0-24; Šeštadienis: 0-24; Sekmadienis: 0-24
METROPOLIS,"S. Daukanto g. 21, Kaunas",2*,2013.10.04,"Uždaroji akcinė bendrovė  ""Žaliakalnio viešbutis""",metropolis@takiojineris.com,37205992,,37206269,,140,70,,"Sausis,Vasaris,Kovas,Balandis,Gegužė,Birželis,Liepa,Rugpjūtis,Rugsėjis,Spalis",Mašinų stovėjimo aikštelė,,,,,Nėra,,Pusryčiai,
MIKOTEL,"Pylimo g. 63, Vilnius",2*,2007.02.06,Mikotelis,mikotel@takas.lt,52609626,,52609627,,47,26,,"Sausis,Vasaris,Kovas,Balandis,Gegužė,Birželis,Liepa,Rugpjūtis,Rugsėjis,Spalis,Lapkritis,Gruodis","Automobilių nuoma, Mašinų stovėjimo aikštelė, Seifas, Skalbimas ir valymas",,Interneto kavinė,,,Nėra,,Pusryčiai,
MIKOTEL,"Pylimo g. 63, Vilniaus m.",2*,2013.05.14,"UAB ""Mikotelgroup""",,52738003,,52163789,,,,,,,,,,,,,,Pirmadienis: 0-24; Atradienis: 0-24; Trečiadienis: 0-24; Ketvirtadienis: 0-24; Penktadienis: 0-24; Šeštadienis: 0-24; Sekmadienis: 0-24
MINOTEL,"V. Kuzmos g. 8, Kaunas",3*,2007.02.06,"Uždaroji akcinė bendrovė ""MINOTEL""",minotel@kaunas.omnitel.net,37229981,37203759,37220355,,41,23,,"Sausis,Vasaris,Kovas,Balandis,Gegužė,Birželis,Liepa,Rugpjūtis,Rugsėjis,Spalis,Lapkritis,Gruodis",Mašinų stovėjimo aikštelė,,,,,Nėra,,"Baras, Kavinė",
MOBUSTA,"Vaidoto g. 33, Šiauliai",1*,2012.03.04,"UAB ""MOBUSTA""",mabusta@takas.lt,41545488,,41546275,,33,13,,"Sausis,Vasaris,Kovas,Balandis,Gegužė,Birželis,Liepa,Rugpjūtis,Rugsėjis,Spalis,Lapkritis,Gruodis",,,,,,,,,
MONELA,"Laisvės al. 35, Kaunas",2*,2007.03.29,"M. Veinšreiderio firma ""Ketera""",mail@monela.w3.lt,37221791,,37224480,,46,23,,"Sausis,Vasaris,Kovas,Balandis,Gegužė,Birželis,Liepa,Rugpjūtis,Rugsėjis,Spalis,Lapkritis,Gruodis",Mašinų stovėjimo aikštelė,,,,,,,Kavinė,Pirmadienis: 0-24; Atradienis: 0-24; Trečiadienis: 0-24; Ketvirtadienis: 0-24; Penktadienis: 0-24; Šeštadienis: 0-24; Sekmadienis: 0-24
MORENA,"Audros g. 8a, Klaipėda",3*,2015.03.06,"UAB ""BŪRŲ UŽEIGA""",admin@morenahotel.lt,46351314,,46401905,,31,18,,"Sausis,Vasaris,Kovas,Balandis,Gegužė,Birželis,Liepa,Rugpjūtis,Rugsėjis,Spalis,Lapkritis,Gruodis","Mašinų stovėjimo aikštelė, Pirtis/Sauna",,,,,Nėra,,"Baras, Kavinė",Pirmadienis: 0-24; Atradienis: 0-24; Trečiadienis: 0-24; Ketvirtadienis: 0-24; Penktadienis: 0-24; Šeštadienis: 0-24; Sekmadienis: 0-24
NAKTIES MAGIJA,"Skroblų g. 3, Kauno m.",3*,2010.09.11,"UAB ""Nakties Ratas""",naktiesmagija@naktiesmagija-hotel.lt,797923,,795832,,15,10,,,,,,,,Nėra,,Restoranas,
NARUTIS,"Pilies g. 24, Vilnius",5*,2013.10.04,"Uždaroji akcinė bendrovė ""VILNIAUS NARUTIS""",narutis@narutis.com,52610981,,52610981,,83,50,Summit hotels&Resorts,"Sausis,Vasaris,Kovas,Balandis,Gegužė,Birželis,Liepa,Rugpjūtis,Rugsėjis,Spalis,Lapkritis,Gruodis",Mašinų stovėjimo aikštelė,,,,,Yra,,"Kavinė, Restoranas",
NATIONAL HOTEL,"Teatro g. 1, Klaipėda",4*,2015.04.19,"Uždaroji akcinė bendrovė ""SENAMIESČIO KOMFORTAS""",palace@hoteleuropa.lt,46404444,,46404445,,93,50,GROUP EUROPA,"Sausis,Vasaris,Kovas,Balandis,Gegužė,Birželis,Liepa,Rugpjūtis,Rugsėjis,Spalis,Lapkritis,Gruodis",,,,,,Yra,,Restoranas,Pirmadienis: 0-24; Atradienis: 0-24; Trečiadienis: 0-24; Ketvirtadienis: 0-24; Penktadienis: 0-24; Šeštadienis: 0-24; Sekmadienis: 0-24
NAUJOSIOS AKMENĖS VIEŠBUTIS,"Respublikos g. 11A, Naujosios Akmenės m., Akmenės r.",2*,2015.07.30,"VšĮ ""Naujosios Akmenės sanatorija""",sanatorija9@yahoo.com,42556536,,42556469,,20,14,,"Sausis,Vasaris,Kovas,Balandis,Gegužė,Birželis,Liepa,Rugpjūtis,Rugsėjis,Spalis,Lapkritis,Gruodis",Treniruoklių salė,,,,,,,"Kavinė, Pusryčiai",
NAVALIS,"H. Manto g. 23, Klaipėdos m.",4*,2015.03.06,"UAB ""Baltijos Dorė""",info@navalis.lt,404200,,404202,,56,28,,"Sausis,Vasaris,Kovas,Balandis,Gegužė,Birželis,Liepa,Rugpjūtis,Rugsėjis,Spalis,Lapkritis,Gruodis","Baseinas, Mašinų stovėjimo aikštelė, Pirtis/Sauna, Seifas, Skalbimas ir valymas, Treniruoklių salė",,,"Fakso aparatas, Internetinis ryšys, Kopijavimo aparatas",,Yra,,"Kavinė, Restoranas",
NEMUNAS,"Druskininkų sav., Druskininkai, T. Kosciuškos g. 6",1*,2006.07.04,"UAB ""DESOLA""",nemunas@vija.lt,31351660,,31351085,,102,514,,"Sausis,Vasaris,Kovas,Balandis,Gegužė,Birželis,Liepa,Rugpjūtis,Rugsėjis,Spalis,Lapkritis,Gruodis","Mašinų stovėjimo aikštelė, Treniruoklių salė",,,,,,,"Kavinė, Valgykla",
NEMUNAS PARK RESIDENCE HOTEL,"Alytaus r. sav., Nemunaičio sen., Nemunaitis",3*,2011.11.22,"UAB ""Žembrė""",hotel@nemunaspark.lt,31558216,,31558203,,28,10,,"Sausis,Vasaris,Kovas,Balandis,Gegužė,Birželis,Liepa,Rugpjūtis,Rugsėjis,Spalis,Lapkritis,Gruodis",Mašinų stovėjimo aikštelė,,,,,Nėra,,Restoranas,
NEMUNO SLĖNIS,"Verknės g. 8, Birštono m., Birštono sav.",4*,2012.05.06,"UAB ""NEMUNO SLĖNIS""",info@nemunoslenis.lt,31956493,,31961213,,78,31,,,"Baseinas, Mašinų stovėjimo aikštelė, Pirtis/Sauna, Seifas, Skalbimas ir valymas, Teniso kortai, Treniruoklių salė, Vaikų priežiura",,,,,Yra,,Restoranas,
NEMUNO VIEŠBUTIS,"Šilutės r. sav., Šilutės sen., Šilutė, Lietuvininkų g. 70",2*,2006.03.29,"UAB """"NEMUNO"" VIEŠBUTIS",nemunas@siltec.lt,44152345,,44162480,,39,23,,"Sausis,Vasaris,Kovas,Balandis,Gegužė,Birželis,Liepa,Rugpjūtis,Rugsėjis,Spalis,Lapkritis,Gruodis",Mašinų stovėjimo aikštelė,,,,Žūklės priemonės,,,Kavinė,
NERIJA,"Pamario g. 13, Neringos m., Neringos sav.",3*,2015.05.14,"AB ""Žemprojektas""",info@neringahotels.lt,46952777,,46952777,,91,57,,"Sausis,Vasaris,Kovas,Balandis,Gegužė,Birželis,Liepa,Rugpjūtis,Rugsėjis,Spalis,Lapkritis,Gruodis",,,,,,Yra,,,
NERINGA,"Gedimino pr. 23, Vilniaus m.",4*,2013.10.04,"UAB ""Scandic hotels""",neringa@scandic-hotels.com,2681910,,2614160,,99,60,,,"Automobilių nuoma, Baseinas, Pirtis/Sauna, Seifas, Skalbimas ir valymas",,,Kopijavimo aparatas,,Yra,,"Baras, Restoranas",
NESĖ,"Klaipėdos m. sav., Klaipėda, Sportininkų g. 46",3*,2006.11.10,"UAB ""Sekmės tiltas""",hotel@nese.lt,46410077,,46410088,,27,14,,"Sausis,Vasaris,Kovas,Balandis,Gegužė,Birželis,Liepa,Rugpjūtis,Rugsėjis,Spalis,Lapkritis,Gruodis","Baseinas, Mašinų stovėjimo aikštelė, Pirtis/Sauna, Treniruoklių salė",,,,,Yra,,Restoranas,Pirmadienis: 0-24; Atradienis: 0-24; Trečiadienis: 0-24; Ketvirtadienis: 0-24; Penktadienis: 0-24; Šeštadienis: 0-24; Sekmadienis: 0-24
NIDOS SMILTĖ,"Neringos sav., Neringa, Skruzdynės g. 2",3*,2013.10.04,"UAB ""NIDOS SMILTĖ""",smilte@is.lt,46952219,,46952762,,108,84,,"Sausis,Vasaris,Kovas,Balandis,Gegužė,Birželis,Liepa,Rugpjūtis,Rugsėjis,Spalis,Lapkritis,Gruodis","Mašinų stovėjimo aikštelė, Skalbimas ir valymas",,,,,Nėra,,Restoranas,
NIDUS,"G. D. Kuverto g. 15, Neringa, Neringos sav.",3*,2012.05.23,"UAB ""Geras poilsis""",info@nidus.lt,46952001,,46950016,,60,27,,"Sausis,Vasaris,Kovas,Balandis,Gegužė,Birželis,Liepa,Rugpjūtis,Rugsėjis,Spalis,Lapkritis,Gruodis","Mašinų stovėjimo aikštelė, Teniso kortai",,,,,Yra,,,Pirmadienis: 0-24; Atradienis: 0-24; Trečiadienis: 0-24; Ketvirtadienis: 0-24; Penktadienis: 0-24; Šeštadienis: 0-24; Sekmadienis: 0-24
NOVOTEL VILNIUS,"Vilniaus m. sav., Vilnius, Gedimino pr. 16",4*,2015.05.14,"UAB ""Hekon""",h5209@accor.com,52666200,,52666201,,318,159,ACCOR,"Sausis,Vasaris,Kovas,Balandis,Gegužė,Birželis,Liepa,Rugpjūtis,Rugsėjis,Spalis,Lapkritis,Gruodis","Mašinų stovėjimo aikštelė, Pirtis/Sauna, Seifas, Skalbimas ir valymas, Treniruoklių salė, Turkiška pirtis, Vaikų priežiura",,Sveikatingumo klubas,,,Yra,,"Baras, Restoranas",Pirmadienis: 0-24; Atradienis: 0-24; Trečiadienis: 0-24; Ketvirtadienis: 0-24; Penktadienis: 0-24; Šeštadienis: 0-24; Sekmadienis: 0-24
ODĖ,"Naujoji g. 8-C, Alytaus m.",3*,2011.05.23,"UAB""ODILIJA""",ode@vaidila.lt,34532929,,31520871,,30,22,,"Sausis,Vasaris,Kovas,Balandis,Gegužė,Birželis,Liepa,Rugpjūtis,Rugsėjis,Spalis,Lapkritis,Gruodis",Mašinų stovėjimo aikštelė,,,,,Nėra,,Baras,
OLD MILL HOTEL,"Žvejų g. 22, Klaipėdos m.",3*,2013.12.22,"UAB ""Palangos Vėtra""",,46219215,,86219921,,58,30,,"Sausis,Vasaris,Kovas,Balandis,Gegužė,Birželis,Liepa,Rugpjūtis,Rugsėjis,Spalis,Lapkritis,Gruodis",,,,,,,,,Pirmadienis: 0-24; Atradienis: 0-24; Trečiadienis: 0-24; Ketvirtadienis: 0-24; Penktadienis: 0-24; Šeštadienis: 0-24; Sekmadienis: 0-24
OLD PORT HOTEL,"Žvejų g. 20-22, Klaipėdos m.",3*,2013.12.22,"UAB "" Baltijos Dorė""",info@oldporthotel.lt,46474764,,46474765,,90,46,,,Skalbimas ir valymas,,,,,Yra,,"Banketinė salė, Restoranas",
PAGUNDA,"Respublikos g. 45a, Rokiškis, Rokiškio r.",3*,2011.05.23,"UAB ""Darola""",darola@parok.lt,45833234,,45833234,,22,11,,"Sausis,Vasaris,Kovas,Balandis,Gegužė,Birželis,Liepa,Rugpjūtis,Rugsėjis,Spalis,Lapkritis,Gruodis",,,,,,Yra,,,Pirmadienis: 0-24; Atradienis: 0-24; Trečiadienis: 0-24; Ketvirtadienis: 0-24; Penktadienis: 0-24; Šeštadienis: 0-24; Sekmadienis: 0-24
PAJŪRIO VIEŠKELIS,"Liepojos g. 7A, Klaipėdos m.",3*,2015.03.06,"UAB ""PAJŪRIO VIEŠKELIS""",info@pajuriovieskelis.lt,61877233,,46211940,,31,14,,,"Baseinas, Pirtis/Sauna",,,,,Nėra,,,
PAJŪRIS,"Šlaito g. 18a, Klaipėdos m.",2*,2011.05.23,"UAB ""CMPK""",diana@pajurishotel.lt,46490154,,46490142,,96,45,,"Sausis,Vasaris,Kovas,Balandis,Gegužė,Birželis,Liepa,Rugpjūtis,Rugsėjis,Spalis,Lapkritis,Gruodis","Baseinas, Biliardas, Mašinų stovėjimo aikštelė, Pirtis/Sauna",,,,,,,,
PALANGA,"Palangos m. sav., Palanga, Birutės al. 60",5*,2015.03.06,"K.Geco prekybos įmonė, Viešbutis ""Palanga""",info@palangahotel.lt,46041414,,46041415,,100,40,,"Sausis,Vasaris,Kovas,Balandis,Gegužė,Birželis,Liepa,Rugpjūtis,Rugsėjis,Spalis,Lapkritis,Gruodis","Baseinas, Mašinų stovėjimo aikštelė, Pirtis/Sauna, Rusiška pirtis, Seifas, Skalbimas ir valymas, Suvenyrų parduotuvė, Treniruoklių salė, Turkiška pirtis, Vaikų priežiura","Klasikinis masažas, Manualinė kineziterapija, Muzikos terapija, Povandeninis masažas (gėlo vandens pagrindu), Psichofizinė treniruotė, Relakcinis masažas, Sūkurinės vandens vonios (gėlo vandens pagrindu)","Golfo klubas, Interneto kavinė, Jodinėjimas, Kazino, Naktinis klubas, Sveikatingumo klubas",,Dviračiai,Yra,,,
"""PALANGOS DAILĖ""","S. Daukanto g. 33, Palangos m.",3*,2015.03.06,"UAB ""Palangos dailė""",info@palangosdaile.lt,46053136,,46053136,,99,47,,,Mašinų stovėjimo aikštelė,,,,,,,Kavinė,
PALANGOS JUZĖ,"Virbališkės takas 2, Palangos m.",3*,2012.07.20,"UAB ""VALERESA""",,,,87001413,,94,31,,"Sausis,Vasaris,Kovas,Balandis,Gegužė,Birželis,Liepa,Rugpjūtis,Rugsėjis,Spalis,Lapkritis,Gruodis","Mašinų stovėjimo aikštelė, Seifas, Skalbimas ir valymas",,,,,,,,Pirmadienis: 0-24; Atradienis: 0-24; Trečiadienis: 0-24; Ketvirtadienis: 0-24; Penktadienis: 0-24; Šeštadienis: 0-24; Sekmadienis: 0-24
PALANGOS LINAS,"Palangos m. sav., Palanga, Vytauto g. 155",3*,2015.03.06,"AB ""PALANGOS LINAS""",rezervacija@palangoslinas.com,46056204,,46052950,,237,104,,"Sausis,Vasaris,Kovas,Balandis,Gegužė,Birželis,Liepa,Rugpjūtis,Rugsėjis,Spalis,Lapkritis,Gruodis","Baseinas, Biliardas, Mašinų stovėjimo aikštelė, Pirtis/Sauna, Seifas, Treniruoklių salė","Aerofitoterapija (grupinė), Aerofitoterapija (indivuduali), Biocheminiai tyrimai, Darsonvalizacija, Deguonies terapija, Dietoterapija, Ergoterapija, Fizioterapija, Fonoforezė, Klasikinis masažas, Lazerio terapija, Logoterapija, Magnetoterapija, Manualinė kineziterapija, Mechanoterapija, Mikrobangų terapija, Mineralinio vandens vonios (gėlo vandens pagrindu), Mineralinio vandens vonios (mineralinio vandens pagrindu), Muzikos terapija, Perlinės vonios (gėlo vandens pagrindu), Perlinės vonios (mineralinio vandens pagrindu), Povandeninis masažas (gėlo vandens pagrindu), Povandeninis masažas (mineralinio vandens pagrindu), Psichofizinė treniruotė, Relakcinis masažas, Sūkurinės vandens vonios (gėlo vandens pagrindu), Sūkurinės vandens vonios (mineralinio vandens pagrindu), Vaistažolių vonios (gėlo vandens pagrindu), Vaistažolių vonios (mineralinio vandens pagrindu), Vertikalios vandens vonios (gėlo vandens pagrindu), Vertikalios vonios (mineralinio vandens pagrindu), Šildomosios aplikacijos",,,,Yra,,Kavinė,
PALANGOS VĖTRA,"S. Daukanto g. 35, Palangos m.",4*,2015.02.01,"UAB ""Palangos vėtra""",hotel@vetra.lt,46053032,,46051021,,57,29,,,"Baseinas, Pirtis/Sauna, Požeminis garažas, Seifas, Skalbimas ir valymas, Treniruoklių salė",,,"Internetinis ryšys, Kopijavimo aparatas",Dviračiai,Yra,,Restoranas,
PALANGOS ŽUVĖDRA,"Meilės al. 11, Palangos m.",3*,2015.06.26,"UAB ""Palangos žuvėdra""",info@palangos-zuvedra.lt,46052353,,46053852,,151,76,,"Sausis,Vasaris,Kovas,Balandis,Gegužė,Birželis,Liepa,Rugpjūtis,Rugsėjis,Spalis,Lapkritis,Gruodis","Automobilių nuoma, Biliardas, Seifas",Klasikinis masažas,,,Dviračiai,Yra,,,Pirmadienis: 0-24; Trečiadienis: 0-24; Ketvirtadienis: 0-24; Penktadienis: 0-24; Šeštadienis: 0-24; Sekmadienis: 0-24
PALANGOS ŽVORŪNĖ,"Palangos m. sav., Palanga, Vanagupės g. 15",2*,2010.01.31,"UAB ""PALANGOS ŽVORŪNĖ""",palangoszvorune@takas.lt,46054037,,46051461,,112,48,,"Sausis,Vasaris,Kovas,Balandis,Gegužė,Birželis,Liepa,Rugpjūtis,Rugsėjis,Spalis,Lapkritis,Gruodis","Mašinų stovėjimo aikštelė, Teniso kortai, Treniruoklių salė",,,,,Yra,,Valgykla,
PALVA,"Statybininkų pr. 7, Klaipėdos m.",3*,2013.12.22,"UAB ""Palvos viešbutis""",info@palva.lt,46471888,,46471666,,30,17,,"Sausis,Vasaris,Kovas,Balandis,Gegužė,Birželis,Liepa,Rugpjūtis,Rugsėjis,Spalis,Lapkritis,Gruodis","Baseinas, Pirtis/Sauna, Seifas",,,,,Nėra,,Kavinė,
PANEVĖŽYS,"Laisvės a. 26, Panevėžys",1*,2013.10.04,"Akcinė bendrovė ""Panevėžys""",info@hotelpanevezys.lt,45501603,,45435117,,153,92,,"Sausis,Vasaris,Kovas,Balandis,Gegužė,Birželis,Liepa,Rugpjūtis,Rugsėjis,Spalis,Lapkritis,Gruodis",Mašinų stovėjimo aikštelė,,,,,Nėra,,Kavinė,
PANORAMA,"Vilniaus m. sav., Vilnius, Sodų g. 14",3*,2015.06.07,"AB ""Hotel Panorama""",reservation@mikotelgroup.com,52338822,,52338832,,408,224,,"Sausis,Vasaris,Kovas,Balandis,Gegužė,Birželis,Liepa,Rugpjūtis,Rugsėjis,Spalis,Lapkritis,Gruodis",Mašinų stovėjimo aikštelė,,,,,Yra,,"Baras, Restoranas",
PARK INN BY RADISSON KLAIPĖDOS VIEŠBUTIS,"Minijos g. 119, Klaipėdos m.",3*,2015.04.19,"UAB ""Baltijos parkai""",klaipeda@revalinn.com,46380803,,46482030,,112,56,,"Sausis,Vasaris,Kovas,Balandis,Gegužė,Birželis,Liepa,Rugpjūtis,Rugsėjis,Spalis,Lapkritis,Gruodis","Automobilių nuoma, Mašinų stovėjimo aikštelė, Seifas, Suvenyrų parduotuvė, Vaikų priežiura",,"Skvošas, Sveikatingumo klubas","Fakso aparatas, Internetinis ryšys, Kopijavimo aparatas",Sporto inventorius,Yra,,"Kavinė, Restoranas",Pirmadienis: 0-24; Atradienis: 0-24; Trečiadienis: 0-24; Ketvirtadienis: 0-24; Penktadienis: 0-24; Šeštadienis: 0-24; Sekmadienis: 0-24
PARK INN KAUNAS,"K. Donelaičio g. 27, Kauno m.",4*,2013.12.22,"UAB ""Reval Hotel Neris""",neris.sales@revalhotels.com,37306100,,37306200,,208,37,,"Sausis,Vasaris,Kovas,Balandis,Gegužė,Birželis,Liepa,Rugpjūtis,Rugsėjis,Spalis,Lapkritis,Gruodis","Mašinų stovėjimo aikštelė, Seifas, Skalbimas ir valymas",,,,,Yra,,"Baras, Restoranas",
PARK INN VILNIUS NORTH,"Ukmergės g. 363, Vilniaus m.",3*,2015.03.06,"UAB ""Baltijos parkai""",vilnius@baltpark.com,2388000,,2388555,,166,83,,"Sausis,Vasaris,Kovas,Balandis,Gegužė,Birželis,Liepa,Rugpjūtis,Rugsėjis,Spalis,Lapkritis,Gruodis","Mašinų stovėjimo aikštelė, Seifas",,,,,Yra,,"Baras, Kavinė",
PARK VILLA,"Vaidilutės 6A, Vilnius",3*,2013.10.04,"UAB ""ARIAND""",office@parkvilla.lt,52113356,,52113357,,59,29,,"Sausis,Vasaris,Kovas,Balandis,Gegužė,Birželis,Liepa,Rugpjūtis,Rugsėjis,Spalis,Lapkritis,Gruodis","Baseinas, Pirtis/Sauna, Seifas, Skalbimas ir valymas",,,,"Dviračiai, Sporto inventorius",,,Restoranas,Pirmadienis: 0-24; Atradienis: 0-24; Trečiadienis: 0-24; Ketvirtadienis: 0-24; Penktadienis: 0-24; Šeštadienis: 0-24; Sekmadienis: 0-24
PARKAS,"Liepojos g. 3, Klaipėda",3*,2011.05.23,"Uždaroji akcinė bendrovė ""VENTĖ""",hotelparkas@takas.lt,46385283,46498883,46498892,,60,28,,"Sausis,Vasaris,Kovas,Balandis,Gegužė,Birželis,Liepa,Rugpjūtis,Rugsėjis,Spalis,Lapkritis,Gruodis","Baseinas, Mašinų stovėjimo aikštelė, Pirtis/Sauna",,,,,Nėra,,Kavinė,Pirmadienis: 0-24; Atradienis: 0-24; Trečiadienis: 0-24; Ketvirtadienis: 0-24; Penktadienis: 0-24; Šeštadienis: 0-24; Sekmadienis: 0-24
PARNIDŽIO KOPA,"Taikos g. 26, Neringa",3*,2008.05.12,"Uždaroji akcinė bendrovė ""Parnidžio kopa""",parnidziokopa@is.lt,46952631,,46952794,,23,13,,"Sausis,Vasaris,Kovas,Balandis,Gegužė,Birželis,Liepa,Rugpjūtis,Rugsėjis,Spalis,Lapkritis,Gruodis","Mašinų stovėjimo aikštelė, Pirtis/Sauna, Treniruoklių salė, Turkiška pirtis",,,,,Nėra,,Kavinė,
PAS KATINĄ,"Vilkatupio g. 1, Vaivadų k., Panevėžio r.",2*,2015.06.07,"UAB ""PAS KATINĄ""",paskatina@erdves.lt,551944,581685,45551944,,30,12,,,"Baseinas, Mašinų stovėjimo aikštelė, Pirtis/Sauna",,,,,Nėra,,Kavinė,
PAŽAISLIS PARK HOTEL,"T. Masiulio g. 18E, Kauno m.",3*,2015.02.01,"UAB ""EVLADA""",pphotel@hotmail.com,37452433,,37351554,,21,10,,,"Mašinų stovėjimo aikštelė, Seifas, Skalbimas ir valymas",,,,,Nėra,,Restoranas,
PERKŪNO NAMAI,"Perkūno al. 61, Kaunas",4*,2010.01.31,"Uždaroji akcinė bendrovė ""Perkūno namai""",hotel@perkuno-namai.lt,37320230,,37323678,,48,30,,"Sausis,Vasaris,Kovas,Balandis,Gegužė,Birželis,Liepa,Rugpjūtis,Rugsėjis,Spalis,Lapkritis,Gruodis","Mašinų stovėjimo aikštelė, Pirtis/Sauna, Treniruoklių salė",,,,Dviračiai,Yra,,Restoranas,
PERVAŽA,"Smėlynės g. 112, Panevėžio m.",2*,2015.04.19,"UAB ""INTERSELAS""",hotel@pervaza.lt,45508118,,45508118,,76,27,,"Sausis,Vasaris,Kovas,Balandis,Gegužė,Birželis,Liepa,Rugpjūtis,Rugsėjis,Spalis,Lapkritis,Gruodis",Mašinų stovėjimo aikštelė,,,,,,,Pusryčiai,
PLINKŠIŲ VIEŠBUTIS,"Plinkšių k., Mažeikių r.",2*,2015.05.14,"UAB ""Plinijus""",info@plinkseshotel.lt,44329212,,44329212,,59,36,,,"Baseinas, Pirtis/Sauna, Požeminis garažas, Seifas, Skalbimas ir valymas, Teniso kortai",,,,,Nėra,,"Baras, Kavinė, Restoranas",
PONAS TADAS,"Naugarduko g. 76, Vilniaus m.",3*,2015.04.19,"VĮ ""Vilnvarsa""",info@polskidom.lt,2336814,,2333596,,85,35,,"Sausis,Vasaris,Kovas,Balandis,Gegužė,Birželis,Liepa,Rugpjūtis,Rugsėjis,Spalis,Lapkritis,Gruodis","Baseinas, Mašinų stovėjimo aikštelė, Pirtis/Sauna, Seifas",,,,,Yra,,,
PRIE EŽERO,"Radviliškio r. sav., Pakalniškių apylinkės sen., Raudondvaris",3*,2011.11.22,"UAB ""PRIE EŽERO""",pe@hotelpe.lt,42244430,,42244436,,27,14,,"Sausis,Vasaris,Kovas,Balandis,Gegužė,Birželis,Liepa,Rugpjūtis,Rugsėjis,Spalis,Lapkritis,Gruodis",Pirtis/Sauna,,,,,,,"Pusryčiai, Restoranas",
PRIE LUKŠTO,"Telšių r. sav., Varnių sen., Varniai, Medininkų a. 1/1",2*,2015.03.06,"UAB ""PRIE LUKŠTO""",telsiulukstas@takas.lt,44454789,,44454789,,12,7,,"Sausis,Vasaris,Kovas,Balandis,Gegužė,Birželis,Liepa,Rugpjūtis,Rugsėjis,Spalis,Lapkritis,Gruodis","Biliardas, Pirtis/Sauna",,Žaidimo automatai,,,,,Kavinė,
PRIE MALŪNO,"Vosyliukų k., Lentvario sen., Trakų r.",3*,2005.06.15,"Uždaroji akcinė bendrovė ""PRIE MALŪNO""",priemaluno@delfi.lt,52438406,,52438406,,24,8,,"Sausis,Vasaris,Kovas,Balandis,Gegužė,Birželis,Liepa,Rugpjūtis,Rugsėjis,Spalis,Lapkritis,Gruodis","Mašinų stovėjimo aikštelė, Pirtis/Sauna, Seifas",,Sveikatingumo klubas,,"Dviračiai, Vandens dviračiai",,,Restoranas,
PROMENADA,"Šiaulių g. 41, Klaipėdos m.",3*,2012.04.28,"UAB ""Promenade""",,,,,,40,20,,,"Mašinų stovėjimo aikštelė, Skalbimas ir valymas",,,,,Nėra,,,
PRŪSIJA,"S. Šimkaus g. 6, Klaipėda",2*,2008.03.29,"Uždaroji akcinė bendrovė ""PRŪSIJA""",,46412078,,46412078,,,10,,"Sausis,Vasaris,Kovas,Balandis,Gegužė,Birželis,Liepa,Rugpjūtis,Rugsėjis,Spalis,Lapkritis,Gruodis",,,,,,Nėra,,Kavinė,Pirmadienis: 0-24; Atradienis: 0-24; Trečiadienis: 0-24; Ketvirtadienis: 0-24; Penktadienis: 0-24; Šeštadienis: 0-24; Sekmadienis: 0-24
PUNTUKAS,"A. Baranausko a. 15, Anykščių m., Anykščių r.",2*,2015.07.30,"UAB ""Puntuko viešbutis""",,38151345,,38151345,,19,10,,"Sausis,Vasaris,Kovas,Balandis,Gegužė,Birželis,Liepa,Rugpjūtis,Rugsėjis,Spalis,Lapkritis,Gruodis","Kirpykla, Soliariumas",,,,,Nėra,,Baras,
PURIENA,"Radviliškio r. sav., Radviliškio miesto sen., Radviliškis, Daujočių g. 10B",2*,2009.05.14,A.GRIGALIŪNO INDIVIDUALI ĮMONĖ,grigaliunas@one.lt,42261211,,42251185,,43,17,,"Sausis,Vasaris,Kovas,Balandis,Gegužė,Birželis,Liepa,Rugpjūtis,Rugsėjis,Spalis,Lapkritis,Gruodis","Mašinų stovėjimo aikštelė, Pirtis/Sauna, Rusiška pirtis",,,,,,,"Baras, Kavinė",
PUŠYNAS,"Vilniaus al. 3, Druskininkai, Druskininkų sav.",3*,2012.05.23,"UAB DRUSKININKŲ VIEŠBUTIS ""PUŠYNAS""",info@pusynas.lt,31356666,,31356666,,140,70,,"Sausis,Vasaris,Kovas,Balandis,Gegužė,Birželis,Liepa,Rugpjūtis,Rugsėjis,Spalis,Lapkritis,Gruodis",Mašinų stovėjimo aikštelė,,,,,Yra,,,
PUŠYNO NAMAI,"Spurganų k., Mažeikių r.",4*,2013.10.04,"UAB""SAULIDA""",saulida@centras.lt,44348175,,44348177,,44,24,,,"Baseinas, Mašinų stovėjimo aikštelė, Pirtis/Sauna, Treniruoklių salė",,,,,Yra,,Restoranas,
PUŠIS,"Blindžių g. 17, Vilnius",1*,2007.03.29,Uždaroji akcinė bendrovė Žemės ūkio kooperacijos ir verslo mokymo centras,pusis@pusishotel.lt,52683999,52721305,52721305,,52,34,,"Sausis,Vasaris,Kovas,Balandis,Gegužė,Birželis,Liepa,Rugpjūtis,Rugsėjis,Spalis,Lapkritis,Gruodis",Mašinų stovėjimo aikštelė,,,,,Nėra,,Kavinė,
PUŠŲ PAUNKSNĖJE,"Palangos m. sav., Palanga, S. Dariaus ir S. Girėno g. 25",4*,2012.05.23,"UAB ""PUŠŲ PAUNKSNĖJE""",pusupaunksneje@takas.lt,46049080,,46049081,,52,14,,"Sausis,Vasaris,Kovas,Balandis,Gegužė,Birželis,Liepa,Rugpjūtis,Rugsėjis,Spalis,Lapkritis,Gruodis","Baseinas, Mašinų stovėjimo aikštelė, Pirtis/Sauna, Treniruoklių salė",,,,,Yra,,"Baras, Restoranas",
RADISSON BLU ASTORIJA,"Vilnius, Didžioji g. 35",5*,2015.03.06,"UAB ""AAA Astorija""",info.vilnius@radissonsas.com,52120110,,52121762,,221,120,REZIDOR SAS,"Sausis,Vasaris,Kovas,Balandis,Gegužė,Birželis,Liepa,Rugpjūtis,Rugsėjis,Spalis,Lapkritis,Gruodis","Baseinas, Mašinų stovėjimo aikštelė, Pirtis/Sauna, Treniruoklių salė",,,,,Yra,,"Baras, Restoranas",
RADISSON BLU HOTEL LIETUVA,"Konstitucijos pr. 20, Vilniaus m.",4*,2015.03.06,"UAB ""Višbutis Lietuva""",lietuva.sales@revalhotels.com,2726272,,2726272,,582,291,,"Sausis,Vasaris,Kovas,Balandis,Gegužė,Birželis,Liepa,Rugpjūtis,Rugsėjis,Spalis,Lapkritis,Gruodis","Automobilių nuoma, Valiutos keitykla",,,,,Yra,,Restoranas,
RADISSON BLU KLAIPĖDA,Šiaulių g. 28,4*,2013.10.04,"UAB :RAMUSIS PAMARYS""",info.klaipeda@RadissonSAS.com,46490800,,46490815,,150,75,,,Mašinų stovėjimo aikštelė,,,,,Yra,,Restoranas,
RAMADA HOTEL AND SUITES VILNIUS,"Subačiaus g. 2, Vilniaus m.",5*,2013.12.22,"UAB ""Mare Balticum""",hotel@ramadavilnius.lt,2553355,,2553311,,101,55,Cendant hotel group,"Sausis,Vasaris,Kovas,Balandis,Gegužė,Birželis,Liepa,Rugpjūtis,Rugsėjis,Spalis,Lapkritis,Gruodis","Pirtis/Sauna, Treniruoklių salė",,,,,Yra,,Restoranas,Pirmadienis: 0-24; Atradienis: 0-24; Trečiadienis: 0-24; Ketvirtadienis: 0-24; Penktadienis: 0-24; Šeštadienis: 0-24; Sekmadienis: 0-24
RASA,"Maironio g. 2-95/20958, Raseiniai",1*,2009.05.14,"AB ""Raseinių prekyba""",rasprek@delfi.lt,42870334,,42870334,,23,10,,"Sausis,Vasaris,Kovas,Balandis,Gegužė,Birželis,Liepa,Rugpjūtis,Rugsėjis,Spalis,Lapkritis,Gruodis",,,,,,,,"Kavinė, Valgykla",
RATONDA CENTRUM HOTEL,"Gedimino pr. 52/1a, Vilnius",4*,2013.10.04,"Lietuvos ir JAV uždaroji akcinė bendrovė ""CENTRUM""",ratonda@centrumhotels.com,52101689,,52120669,,78,51,Centrum,"Sausis,Vasaris,Kovas,Balandis,Gegužė,Birželis,Liepa,Rugpjūtis,Rugsėjis,Spalis,Lapkritis,Gruodis","Mašinų stovėjimo aikštelė, Pirtis/Sauna, Treniruoklių salė",,,,,Nėra,,,
RĄŽĖ,"Vytauto g. 74, Palangos m.",3*,2013.12.22,"UAB ""Palturas""",palturas@is.lt,46048462,,46048461,,40,22,,"Sausis,Vasaris,Kovas,Balandis,Gegužė,Birželis,Liepa,Rugpjūtis,Rugsėjis,Spalis,Lapkritis,Gruodis","Baseinas, Mašinų stovėjimo aikštelė, Pirtis/Sauna, Seifas",,,,,Nėra,,Valgykla,
REGINA,"T. Kosciuškos g. 3, Druskininkų m., Druskininkų sav.",3*,2011.10.06,"UAB ""Liturimex"" viešbučiai",reservation@regina.lt,31359060,,31359061,,72,40,"""Liturimex"" viešbučiai","Sausis,Vasaris,Kovas,Balandis,Gegužė,Birželis,Liepa,Rugpjūtis,Rugsėjis,Spalis,Lapkritis,Gruodis","Baseinas, Mašinų stovėjimo aikštelė, Pirtis/Sauna",,,,,,,"Baras, Restoranas",
REGINA,"Plungės g. 10/ A. Strazdo g. 62, Kauno m.",3*,2011.10.06,REGINOS KUNIKAUSKIENĖS IĮ,info@regina-motel.lt,37262020,37263690,37268855,,11,10,,,Skalbimas ir valymas,,,,,Nėra,,"Baras, Kavinė",
REGINA,Druskininkų sav.,3*,2013.12.22,"UAB ""Jotėja""",reservation@regina.lt,81359060,,81359061,www.regina.lt,77,40,,"Sausis,Vasaris,Kovas,Balandis,Gegužė,Birželis,Liepa,Rugpjūtis,Rugsėjis,Spalis,Lapkritis,Gruodis",,,,,,,,,Pirmadienis: 0-24; Atradienis: 0-24; Trečiadienis: 0-24; Ketvirtadienis: 0-24; Penktadienis: 0-24; Šeštadienis: 0-24; Sekmadienis: 0-24
REVAL HOTEL LIETUVA,"Vilniaus m. sav., Vilnius, Konstitucijos pr. 20",4*,2008.01.20,"Akcinė bendrovė viešbutis ""LIETUVA""",lietuva.sales@revalhotels.com,52726272,52726200,52726270,,582,291,Reval hotels,"Sausis,Vasaris,Kovas,Balandis,Gegužė,Birželis,Liepa,Rugpjūtis,Rugsėjis,Spalis,Lapkritis,Gruodis","Automobilių nuoma, Mašinų stovėjimo aikštelė, Pirtis/Sauna, Seifas, Skalbimas ir valymas, Treniruoklių salė, Verslo centras","Klasikinis masažas, Muzikos terapija, Relakcinis masažas",Kazino,Internetinis ryšys,,Yra,,Restoranas,
REVAL INN VILNIUS,"Ukmergės g. 363, Vilnius",3*,2010.10.06,"Uždaroji akcinė bendrovė ""BALTIJOS PARKAI""",vilnius@revalinn.com,52388000,,52388555,,166,83,,"Sausis,Vasaris,Kovas,Balandis,Gegužė,Birželis,Liepa,Rugpjūtis,Rugsėjis,Spalis,Lapkritis,Gruodis","Mašinų stovėjimo aikštelė, Seifas, Skalbimas ir valymas",,,"Fakso aparatas, Internetinis ryšys, Kopijavimo aparatas",,,,"Baras, Kavinė",
RINNO,"Vingrių g. 25, Vilnius",3*,2008.01.20,I. ir R. Balaišų personalinė įmonė,hotel@rinno.lt,52622828,,52625929,,30,15,,"Sausis,Vasaris,Kovas,Balandis,Gegužė,Birželis,Liepa,Rugpjūtis,Rugsėjis,Spalis,Lapkritis,Gruodis",Mašinų stovėjimo aikštelė,,,,,Nėra,,Pusryčiai,
RINNO,"Vingrių g. 25, Vilniaus m.",3*,2015.06.07,"IĮ ""Rinno""",info@rinno.lt,2622828,,2625929,,30,15,,,"Požeminis garažas, Seifas, Skalbimas ir valymas, Suvenyrų parduotuvė",,,"Fakso aparatas, Internetinis ryšys, Kopijavimo aparatas",,Nėra,,Pusryčiai,
ROMANTIC,"Kranto g. 24, Panevėžio m.",4*,2015.07.30,"UAB ""Via unica""",hotelromantic@takas.lt,45583983,,45581262,,66,39,,"Sausis,Vasaris,Kovas,Balandis,Gegužė,Birželis,Liepa,Rugpjūtis,Rugsėjis,Spalis,Lapkritis,Gruodis","Mašinų stovėjimo aikštelė, Seifas, Skalbimas ir valymas, Treniruoklių salė",,,,,Yra,,"Baras, Restoranas",
RŪDNINKŲ VARTAI,"Rūdninkų g. 15/46, Vilniaus m.",2*,2013.10.11,"UAB ""CITY HOTELS""",rudninkai@cityhotels.lt,52613916,,52120507,,29,17,,"Sausis,Vasaris,Kovas,Balandis,Gegužė,Birželis,Liepa,Rugpjūtis,Rugsėjis,Spalis,Lapkritis,Gruodis",Pirtis/Sauna,,,Internetinis ryšys,,Nėra,,Kavinė,
RUGELIS,"Ventos 31 A, Mažeikiai",2*,2015.05.14,"UAB ""Gerdarikė""",info@rugelishotel.lt,44365658,,44366546,,26,14,,"Sausis,Vasaris,Kovas,Balandis,Gegužė,Birželis,Liepa,Rugpjūtis,Rugsėjis,Spalis,Lapkritis,Gruodis","Seifas, Skalbimas ir valymas",,,,,,,,
RUNMIS,"Panevėžio g. 8a, Vilnius",2*,2007.03.29,"S. Runevič personalinė įmonė ""RUNMIS""",,52656816,,52724114,,40,20,,"Sausis,Vasaris,Kovas,Balandis,Gegužė,Birželis,Liepa,Rugpjūtis,Rugsėjis,Spalis,Lapkritis,Gruodis",,,,,,Nėra,,Pusryčiai,
RUNMIS,"Panebėžio 8A, Vilnius",2*,2015.03.06,"UAB ""Runmis""",,52656816,,2724141,,40,29,,"Sausis,Vasaris,Kovas,Balandis,Gegužė,Birželis,Liepa,Rugpjūtis,Rugsėjis,Spalis,Lapkritis,Gruodis",,,,,,,,,Pirmadienis: 0-24; Atradienis: 0-24; Trečiadienis: 0-24; Ketvirtadienis: 0-24; Penktadienis: 0-24; Šeštadienis: 0-24; Sekmadienis: 0-24
SALDUVĖS,"K. Donelaičio 70, Šiauliai",1*,2015.05.14,"UAB ""Salduvės viešbutis""",,41553593,,41553590,,16,11,,"Sausis,Vasaris,Kovas,Balandis,Gegužė,Birželis,Liepa,Rugpjūtis,Rugsėjis,Spalis,Lapkritis,Gruodis","Biliardas, Pirtis/Sauna",,,,,,,Kavinė,Pirmadienis: 0-24; Atradienis: 0-24; Trečiadienis: 0-24; Ketvirtadienis: 0-24; Penktadienis: 0-24; Šeštadienis: 0-24; Sekmadienis: 0-24
SALOS,Trakų r. Kranto g. 5,3*,2013.12.22,I. Karnilienės individuali įmonė,salos@salos.lt,52853990,69856992,52853991,,,15,,,,,,,,,,"Kavinė, Restoranas",
SANTA BARBARA,"Baraučiznos k., Vilkaviškio r.",2*,2007.12.04,"UAB ""vilkera""",vilkera@takas.lt,34220550,,34220229,,29,14,,"Sausis,Vasaris,Kovas,Balandis,Gegužė,Birželis,Liepa,Rugpjūtis,Rugsėjis,Spalis,Lapkritis,Gruodis",,,,,,,,Kavinė,
SANTAKOS,"J. Gruodžio g. 21, Kaunas",4*,2008.01.20,"Uždarosios akcinės bendrovės ""Liuks"" filialas ""Santakos viešbutis""",office@santaka.lt,37302702,,37302700,,76,40,,"Sausis,Vasaris,Kovas,Balandis,Gegužė,Birželis,Liepa,Rugpjūtis,Rugsėjis,Spalis,Lapkritis,Gruodis","Baseinas, Mašinų stovėjimo aikštelė, Pirtis/Sauna, Vaikų priežiura",Klasikinis masažas,Naktinis klubas,,,Nėra,,,Pirmadienis: 0-24; Atradienis: 0-24; Trečiadienis: 0-24; Ketvirtadienis: 0-24; Penktadienis: 0-24; Šeštadienis: 0-24; Sekmadienis: 0-24
SAULININKAS,"Šiaulių m. sav., Šiauliai, S. Lukauskio g. 5A",3*,2015.03.06,"UAB ""Laimoza",saulinink@splius.lt,41436555,,41421848,,32,13,,"Sausis,Vasaris,Kovas,Balandis,Gegužė,Birželis,Liepa,Rugpjūtis,Rugsėjis,Spalis,Lapkritis,Gruodis","Baseinas, Pirtis/Sauna, Treniruoklių salė",,,,,,,"Baras, Restoranas",
SENAS NAMAS,"Užuolankos g. 24, Alytaus m.",3*,2015.04.19,"UAB ""Trys lelijos""",senasnamas@takas.lt,31551643,61652500,31553489,,37,20,,,"Seifas, Skalbimas ir valymas",,,,,Nėra,,Restoranas,
SENATORIAI,"Tilto g. 2A, Vilnius",3*,2007.02.06,"Uždaroji akcinė bendrovė ""SENI BIČIULIAI""",info@senatoriai.lt,52126491,,52126372,,21,11,,"Sausis,Vasaris,Kovas,Balandis,Gegužė,Birželis,Liepa,Rugpjūtis,Rugsėjis,Spalis,Lapkritis,Gruodis","Mašinų stovėjimo aikštelė, Seifas, Skalbimas ir valymas",,,,,Nėra,,"Baras, Kavinė",Pirmadienis: 0-24; Atradienis: 0-24; Trečiadienis: 0-24; Ketvirtadienis: 0-24; Penktadienis: 0-24; Šeštadienis: 0-24; Sekmadienis: 0-24
SFINKSAS,"Aukštaičių g. 55, Kauno m.",4*,2015.05.14,"UAB ""Rimvirita""",hotelsfinx@takas.lt,301982,,301983,,34,12,,"Sausis,Vasaris,Kovas,Balandis,Gegužė,Birželis,Liepa,Rugpjūtis,Rugsėjis,Spalis,Lapkritis,Gruodis","Baseinas, Mašinų stovėjimo aikštelė, Pirtis/Sauna, Seifas",,,,,,,Restoranas,
SHAKESPEARE,"Vilniaus m. sav., Vilnius, Bernardinų g. 8/8",4*,2015.03.06,"UAB ""Olizarų rūmai""",info@shakespeare.lt,52665885,,52665886,,54,31,,"Sausis,Vasaris,Kovas,Balandis,Gegužė,Birželis,Liepa,Rugpjūtis,Rugsėjis,Spalis,Lapkritis,Gruodis","Automobilių nuoma, Mašinų stovėjimo aikštelė, Seifas, Skalbimas ir valymas, Treniruoklių salė",,,,,,,"Baras, Restoranas",
SIMBOLY,"Vazgaikiemio k., Prienų r.",4*,2013.10.04,"UAB""SSPC REAL ESTATE""",info@harmonypark.lt,31960321,65098012,31960322,,56,26,,,"Baseinas, Mašinų stovėjimo aikštelė, Pirtis/Sauna, Seifas",,,,Sporto inventorius,Yra,,Restoranas,
SKRYDIS,"Rodūnios kelias 8, Vilniaus m.",2*,2011.05.23,Valstybės įmonė Tarptautinis Vilniaus oro uostas,hotel@vno.lt,2739362,,2306498,,108,50,,,"Pirtis/Sauna, Požeminis garažas, Skalbimas ir valymas, Treniruoklių salė",,,,,Yra,,"Baras, Kavinė, Valgykla",
SMĖLYNĖ,"Smėlynės g. 3, Panevėžio m.",3*,2015.06.07,"UAB ""Naujieji Pilėnai""",smelyne@takas.lt,45507790,,45581094,,21,8,,,"Mašinų stovėjimo aikštelė, Pirtis/Sauna, Seifas, Skalbimas ir valymas",,Boulingas,,,Nėra,,"Baras, Kavinė, Restoranas",
SMILGA,"Senoji g. 16, Kėdainių m., Kėdainių r.",3*,2013.12.22,"UAB ""Juani""",viesbutis@hotelsmilga.lt,34767224,,34756626,,60,29,,,"Mašinų stovėjimo aikštelė, Pirtis/Sauna",,,,,Yra,,Restoranas,
SOFIJOS REZIDENCIJA,"Jaunimo g. 6, Birštono m., Birštono sav.",3*,2012.05.17,"UAB ""Džesklauda""",info@sofijosrezidencija.lt,31945200,,31945201,,28,13,,,"Baseinas, Pirtis/Sauna",,,,,,,Restoranas,
SONATA,"Algirdo g. 34, Birštono m., Birštono sav.",3*,2013.12.22,"UAB ""Birštono sėklytėlė""",seklytele@sonata.lt,31965800,,31965800,,56,22,,"Sausis,Vasaris,Kovas,Balandis,Gegužė,Birželis,Liepa,Rugpjūtis,Rugsėjis,Spalis,Lapkritis,Gruodis",Mašinų stovėjimo aikštelė,,,,,,,"Banketinė salė, Restoranas",
SPA - VILNIUS,K.Dineikos g 1/3,3*,2015.06.07,"UAB ""Raminora""",info@spa-vilnius.lt,31353811,,31359059,,350,187,,"Sausis,Vasaris,Kovas,Balandis,Gegužė,Birželis,Liepa,Rugpjūtis,Rugsėjis,Spalis,Lapkritis,Gruodis","Baseinas, Baseinas su mineraliniu vandeniu, Mašinų stovėjimo aikštelė, Pirtis/Sauna, Treniruoklių salė",,,,,Yra,,"Baras, Restoranas, Valgykla",Pirmadienis: 0-24; Atradienis: 0-24; Trečiadienis: 0-24; Ketvirtadienis: 0-24; Penktadienis: 0-24; Šeštadienis: 0-24; Sekmadienis: 0-24
SPA HOTEL BELVILIS,"Kirneilės k., Molėtų r.",4*,2015.07.30,"UAB""Belvilis""",info@belvilis.lt,56569491,,38351098,,50,21,,"Sausis,Vasaris,Kovas,Balandis,Gegužė,Birželis,Liepa,Rugpjūtis,Rugsėjis,Spalis,Lapkritis,Gruodis","Baseinas, Mašinų stovėjimo aikštelė, Pirtis/Sauna, Pūlas",,,,,,,Restoranas,
STADALA,"Gurelių k., Šalčininkų r.",2*,2012.03.31,"UAB ""PAKRUOJO PARKAI""",info@pakruojo-dvaras.lt,68241155,,,,19,10,,,Mašinų stovėjimo aikštelė,,,,Sporto inventorius,Nėra,,Kavinė,
STIKLIAI,"Gaono g. 7, Vilniaus m.",5*,2013.11.08,"UAB ""Stiklių viešbutis""",sales@stikliaihotel.lt,52649595,,52123870,,73,43,,,"Mašinų stovėjimo aikštelė, Pirtis/Sauna, Seifas, Skalbimas ir valymas, Treniruoklių salė",,,,,Yra,,Restoranas,
SUDAVIJA,"Sodo g. 1a, Marijampolė",3*,2015.03.06,"G.Gutausko firma ""SŪDAVIJA""",sudavija@marinet.lt,34352995,,34352926,,14,10,,"Sausis,Vasaris,Kovas,Balandis,Gegužė,Birželis,Liepa,Rugpjūtis,Rugsėjis,Spalis,Lapkritis,Gruodis",Mašinų stovėjimo aikštelė,,,,,,,,
ŠACHMATINĖ,"J. Basanavičiaus g. 45, Palangos m.",3*,2015.03.06,"UAB ""Šachmatinė""",sachmatine@cili.eu,46051655,61282009,46051655,,28,11,,,"Seifas, Skalbimas ir valymas",,,,Sporto inventorius,Nėra,,"Baras, Kavinė",
ŠARŪNAS,"Raitininkų g. 4, Vilniaus m.",4*,2014.02.01,"UAB ""EAT & viešbutis ""Šarūnas""",marketingas@hotelsarunas.lt,2723004,2723126,2722325,,85,56,,,"Automobilių nuoma, Pirtis/Sauna, Požeminis garažas, Seifas, Skalbimas ir valymas",,,,,Nėra,,Restoranas,
ŠAULYS,"Vasario 16-osios g. 40, Šiaulių m.",3*,2012.02.01,"UAB ""Lietavira""",saulys.hotel@takas.lt,41520812,,41520911,,64,41,,,"Baseinas, Biliardas, Pirtis/Sauna, Požeminis garažas, Skalbimas ir valymas, Treniruoklių salė",,,,,,,"Banketinė salė, Kavinė, Restoranas",
ŠERMUTAS,"Tinklų g. 51, Panevėžio m.",3*,2015.06.07,"UAB ""RIKTA BALTIC""",hotel@sermutas.lt,45401010,,45401015,,82,33,,,"Mašinų stovėjimo aikštelė, Seifas",,,,,Yra,,"Baras, Kavinė",
ŠIAULIAI,"Draugystės pr. 25, Šiauliai",3*,2015.03.06,"Akcinė bendrovė ""Šiaulių"" viešbutis",,41434554,,41438339,,210,117,,,"Baseinas, Mašinų stovėjimo aikštelė, Pirtis/Sauna, Treniruoklių salė",,,,,Nėra,,Kavinė,
ŠIAULIŲ KRAŠTO MEDŽIOTOJŲ UŽEIGA,"Dubijos g. 20, Šiauliai",4*,2013.10.04,"UAB ""MINGINTĖ""",info@medziotojujuuzeiga.lt,41524526,,41524525,,50,25,,"Sausis,Vasaris,Kovas,Balandis,Gegužė,Birželis,Liepa,Rugpjūtis,Rugsėjis,Spalis,Lapkritis,Gruodis","Baseinas, Mašinų stovėjimo aikštelė, Pirtis/Sauna, Treniruoklių salė",,,,,Yra,,,
ŠIRVINTA,"J. Basanavičiaus a. 5, Vilkaviškio m., Vilkaviškio r.",2*,2015.05.14,"UAB ""Širvintos viešbutis""",info@sirvinta.lt,34251345,,34253197,,37,21,,,"Seifas, Skalbimas ir valymas",,,,,Nėra,,"Kavinė, Pusryčiai",
TAURAGĖ,"Tauragės r. sav., Tauragės miesto sen., Tauragė, Vytauto g. 83",2*,2011.05.16,"UAB ""TAURAGĖS VIEŠBUTIS""",,44661523,,44661523,,29,14,,"Sausis,Vasaris,Kovas,Balandis,Gegužė,Birželis,Liepa,Rugpjūtis,Rugsėjis,Spalis,Lapkritis,Gruodis",,,,,,,,Pusryčiai,
TAURAS,"Vytauto g. 116, Palanga",3*,2015.05.14,"Uždaroji akcinė bendrovė ""Palangos tauras""",feliksas@feliksas.lt,46049111,,46049111,,53,20,,"Sausis,Vasaris,Kovas,Balandis,Gegužė,Birželis,Liepa,Rugpjūtis,Rugsėjis,Spalis,Lapkritis,Gruodis","Mašinų stovėjimo aikštelė, Pirtis/Sauna, Seifas",,,,Dviračiai,Nėra,,Kavinė,Pirmadienis: 0-24; Atradienis: 0-24; Trečiadienis: 0-24; Ketvirtadienis: 0-24; Penktadienis: 0-24; Šeštadienis: 0-24; Sekmadienis: 0-24
TELŠIŲ VIEŠBUTIS,"Telšių r. sav., Telšių sen., Telšiai, Kęstučio g. 21",1*,2015.07.30,"UAB ""TELŠIŲ VIEŠBUTIS""",tkeliai@centras.lt,44453292,,44469261,,52,19,,"Sausis,Vasaris,Kovas,Balandis,Gegužė,Birželis,Liepa,Rugpjūtis,Rugsėjis,Spalis,Lapkritis,Gruodis",,,,,,,,,
TENISAS,"Palangos m. sav., Palanga, Gėlių a. 1A",2*,2010.06.07,"UAB ""Respublikinė mokomoji sportinė bazė""",,46052828,,46051290,,50,19,,"Gegužė,Birželis,Liepa,Rugpjūtis,Rugsėjis","Mašinų stovėjimo aikštelė, Teniso kortai",,,,,Nėra,,Kavinė,
TYLA,"Tylos g. 2, Biržai",3*,2011.07.22,"Uždaroji akcinė bendrovė ""Tyla""",hotel@tyla.lt,45031191,,45031191,,32,16,,"Sausis,Vasaris,Kovas,Balandis,Gegužė,Birželis,Liepa,Rugpjūtis,Rugsėjis,Spalis,Lapkritis,Gruodis","Baseinas, Mašinų stovėjimo aikštelė, Pirtis/Sauna, Treniruoklių salė",,,,,,,Pusryčiai,
TOMAS,"Tilžės g. 63A, Šiaulių m.",4*,2015.03.06,"R.Barausko įmonė ""Tomas""",info@hoteltomas.lt,41415150,,41455541,,53,33,,"Sausis,Vasaris,Kovas,Balandis,Gegužė,Birželis,Liepa,Rugpjūtis,Rugsėjis,Spalis,Lapkritis,Gruodis","Baseinas, Baseinas su srovėmis, Biliardas, Mašinų stovėjimo aikštelė, Pirtis/Sauna, Treniruoklių salė",,,,,Yra,,"Kavinė, Restoranas",
TRASALIS,"Gedimino g. 26, Trakų m., Trakų r.",3*,2015.06.07,"UAB ""ANDOVA""",info@trasalis.lt,52859112,,52859114,,206,103,,"Sausis,Vasaris,Kovas,Balandis,Gegužė,Birželis,Liepa,Rugpjūtis,Rugsėjis,Spalis,Lapkritis,Gruodis","Baseinas, Mašinų stovėjimo aikštelė",,,,,Yra,,"Kavinė, Restoranas",
TULPĖ,"S. Dariaus ir S. Girėno g. 11, Palangos m.",3*,2011.03.03,"UAB ""Kopų žaismas""",kopuzaismas@one.lt,46052324,,46051175,,49,21,,"Sausis,Vasaris,Kovas,Balandis,Gegužė,Birželis,Liepa,Rugpjūtis,Rugsėjis,Spalis,Lapkritis,Gruodis","Baseinas, Mašinų stovėjimo aikštelė, Seifas, Skalbimas ir valymas, Treniruoklių salė",,,,,,,Kavinė,
TURNĖ,"Rūdės g. 9, Šiauliai",3*,2013.04.19,"UAB ""Asektas""",hotel@turne.lt,41500150,,4142923,,44,23,,,"Požeminis garažas, Seifas, Skalbimas ir valymas",,,,,Yra,,Restoranas,Pirmadienis: 0-24; Atradienis: 0-24; Trečiadienis: 0-24; Ketvirtadienis: 0-24; Penktadienis: 0-24; Šeštadienis: 0-24; Sekmadienis: 0-24
VAIDILA,"Alytaus m. sav., Alytus, Rotušės a. 12",3*,2009.08.20,"UAB ""komercinis centras ""ODILIJA""",hotel@vaidila.lt,31556188,,31556189,,22,12,,"Sausis,Vasaris,Kovas,Balandis,Gegužė,Birželis,Liepa,Rugpjūtis,Rugsėjis,Spalis,Lapkritis,Gruodis",Mašinų stovėjimo aikštelė,,,,,Yra,,Restoranas,
VAIVORYKŠTĖ,"Šiaulių m. sav., Šiauliai, Gytarių g. 25",2*,2015.06.07,"UAB""Vaivorykštė""",info@vaivorykste.com,41510502,,41511025,,18,12,,"Sausis,Vasaris,Kovas,Balandis,Gegužė,Birželis,Liepa,Rugpjūtis,Rugsėjis,Spalis,Lapkritis,Gruodis","Baseinas, Pirtis/Sauna",,,,,,,Pusryčiai,Pirmadienis: 0-24; Atradienis: 0-24; Trečiadienis: 0-24; Ketvirtadienis: 0-24; Penktadienis: 0-24; Šeštadienis: 0-24; Sekmadienis: 0-24
VALINA,"Draugystės g. 18, Mažeikiai",2*,2008.03.09,"Alinos Gromakovos individuali įmonė ""Valina""",valina@roventa.lt,44320434,,44320435,,90,38,,"Sausis,Vasaris,Kovas,Balandis,Gegužė,Birželis,Liepa,Rugpjūtis,Rugsėjis,Spalis,Lapkritis,Gruodis",Mašinų stovėjimo aikštelė,,,,,Nėra,,"Baras, Pusryčiai",
VANAGUPĖ,"Palangos m. sav., Palanga, Vanagupės g. 31",5*,2011.10.06,"UAB ""ESKOM""",hotel@vanagupe.lt,46041199,,46031199,,223,98,,"Sausis,Vasaris,Kovas,Balandis,Gegužė,Birželis,Liepa,Rugpjūtis,Rugsėjis,Spalis,Lapkritis,Gruodis","Automobilių nuoma, Baseinas, Mašinų stovėjimo aikštelė, Pirtis/Sauna, Seifas, Skalbimas ir valymas, Suvenyrų parduotuvė, Treniruoklių salė, Turkiška pirtis, Vaikų priežiura, Verslo centras",Sūkurinės vandens vonios (gėlo vandens pagrindu),,"Fakso aparatas, Internetinis ryšys, Kopijavimo aparatas","Dviračiai, Karietos, vežimai",Yra,,"Baras, Restoranas",
VANDENIS,"Birutės al. 47, Palanga",3*,2015.03.06,"K.Geco prekybos įmonė, Viešbutis ""Vandenis""",info@vandenis.lt,46052987,,46053584,,80,35,,"Sausis,Vasaris,Kovas,Balandis,Gegužė,Birželis,Liepa,Rugpjūtis,Rugsėjis,Spalis,Lapkritis,Gruodis","Mašinų stovėjimo aikštelė, Pirtis/Sauna",,,,,,,,
VECEKRUG,"Jūros g. 23, Klaipėda",4*,2010.12.03,"UAB ""Naujasis uostas""",info@vecekrug.lt,46301002,,46312262,,45,23,,"Sausis,Vasaris,Kovas,Balandis,Gegužė,Birželis,Liepa,Rugpjūtis,Rugsėjis,Spalis,Lapkritis,Gruodis","Automobilių nuoma, Baseinas, Mašinų stovėjimo aikštelė, Pirtis/Sauna, Seifas, Skalbimas ir valymas",,,,,Yra,,,Pirmadienis: 0-24; Atradienis: 0-24; Trečiadienis: 0-24; Ketvirtadienis: 0-24; Penktadienis: 0-24; Šeštadienis: 0-24; Sekmadienis: 0-24
VELGA,"Vilniaus m. sav., Vilnius, Geležinio Vilko g. 3",2*,2012.05.17,"UAB ""Saldžius""",,2311435,,2311435,,60,30,,"Sausis,Vasaris,Kovas,Balandis,Gegužė,Birželis,Liepa,Rugpjūtis,Rugsėjis,Spalis,Lapkritis,Gruodis",Mašinų stovėjimo aikštelė,,,,,,,,
VENTAINĖ,"Ventė, Šilutės r.",3*,2012.04.28,Beatričės Laužikienės individuali įmonė,ventaine@takas.lt,44168525,,44147422,,32,12,,"Sausis,Vasaris,Kovas,Balandis,Gegužė,Birželis,Liepa,Rugpjūtis,Rugsėjis,Spalis,Lapkritis,Gruodis","Baseinas, Mašinų stovėjimo aikštelė, Pirtis/Sauna, Treniruoklių salė",,Sporto aikštelė,,,Yra,,,Pirmadienis: 0-24; Atradienis: 0-24; Trečiadienis: 0-24; Ketvirtadienis: 0-24; Penktadienis: 0-24; Šeštadienis: 0-24; Sekmadienis: 0-24
VĖTRA,"Taikos pr. 80 , Klaipėdos m.",3*,2013.11.08,"UAB ""Viešbučio patarnavimų įmonė""",vetra.klaipeda@hotel.lt,4634002,,46346063,,34,17,,,"Pirtis/Sauna, Požeminis garažas, Seifas, Skalbimas ir valymas",,,,Dviračiai,Nėra,,"Baras, Restoranas",
VIA BALTICA,"Verslo g. 17, Kumpių k., Kauno r.",3*,2015.04.19,"UAB ""Via baltica pramogos""",viabalticapramogos@gmail.com,37537420,,37537425,,63,30,,,"Baseinas, Mašinų stovėjimo aikštelė, Pirtis/Sauna",,,,,Yra,,"Kavinė, Restoranas",
"VIEŠBUTIS ""BANGA""","Kranto g. 3A, Tauragės m., Tauragės r.",2*,2012.01.06,"UAB ""Senasis Medvėgalis""",banga@tVK.lt,44672589,,44467259,,9,7,,,,,,,"Baidarės, Kanojos",Nėra,,Restoranas,
"VIEŠBUTIS ""TURNĖ""","Rūdės g. 9, Šiaulių m.",2*,2013.10.04,"UAB ""Asketas""",hotel@turne.lt,41500150,,4142923,,44,23,,"Sausis,Vasaris,Kovas,Balandis,Gegužė,Birželis,Liepa,Rugpjūtis,Rugsėjis,Spalis,Lapkritis,Gruodis","Mašinų stovėjimo aikštelė, Skalbimas ir valymas",,Interneto kavinė,Kopijavimo aparatas,,,,,Pirmadienis: 0-24; Atradienis: 0-24; Trečiadienis: 0-24; Ketvirtadienis: 0-24; Penktadienis: 0-24; Šeštadienis: 0-24; Sekmadienis: 0-24
VIEVIJA,"Bažnyčios g. 4a, Vievio m., Elektrėnų sav.",2*,2015.02.01,"UAB ""Inarvida""",audra.jj@gmail.com,2437788,,2793755,,20,14,,,,,,,,,,Kavinė,
VIKTORIJA,"Čižiškių k., Vilkaviškio r.",2*,2009.11.26,"UAB ""Viva victoria""",viktorija@viktorija.lt,34247521,,34247521,,56,25,,"Sausis,Vasaris,Kovas,Balandis,Gegužė,Birželis,Liepa,Rugpjūtis,Rugsėjis,Spalis,Lapkritis,Gruodis","Baseinas, Mašinų stovėjimo aikštelė, Pirtis/Sauna",,"Sporto aikštelė, Vaikų žaidimo aikštelė",,"Sporto inventorius, Valtys",Nėra,,Restoranas,
VIKTORIJOS VIEŠBUTIS,"Saltoniškių g. 56, Vilnius",1*,2007.02.06,"Uždaroji akcinė bendrovė ""VIKTORIJOS VIEŠBUTIS""",hotel@victoria.lt,52724013,,52724320,,71,42,,"Sausis,Vasaris,Kovas,Balandis,Gegužė,Birželis,Liepa,Rugpjūtis,Rugsėjis,Spalis,Lapkritis,Gruodis",,,,,,Nėra,,Baras,
VILA DIEMEDIS,"Vytauto g. 53, Palangos m.",3*,2015.02.01,"UAB ""FARMIS IR PARTNERIAI""",viladiemedis@gmail.com,46048360,,46048360,,36,18,,,Mašinų stovėjimo aikštelė,,,,,,,Restoranas,
VILA FLORA,"Kalno g. 7a, Neringos m., Neringos sav.",3*,2015.06.07,"UAB "" Grobšto ragas""",VILAFLORA@TAKAS.LT,46953024,,46953421,,43,17,,,Mašinų stovėjimo aikštelė,,,,,,,Baras,
VILA JELITA,"G. D. Kuverto g. 7, Neringa, Neringos sav.",3*,2008.01.20,"UAB ""Viljelita""",jelita@jelita.lt,46951150,,46952287,,53,15,,"Sausis,Vasaris,Kovas,Balandis,Gegužė,Birželis,Liepa,Rugpjūtis,Rugsėjis,Spalis,Lapkritis,Gruodis","Mašinų stovėjimo aikštelė, Pirtis/Sauna",,,,,,,,Pirmadienis: 0-24; Atradienis: 0-24; Trečiadienis: 0-24; Ketvirtadienis: 0-24; Penktadienis: 0-24; Šeštadienis: 0-24; Sekmadienis: 0-24
VILA SENJORA,"Žalioji g., Garliavos m., Kauno r.",3*,2012.01.06,"UAB ""Gabileta""",info@vilasenjora.lt,37552258,,37557161,,22,10,,"Sausis,Vasaris,Kovas,Balandis,Gegužė,Birželis,Liepa,Rugpjūtis,Rugsėjis,Spalis,Lapkritis,Gruodis",Mašinų stovėjimo aikštelė,,,,,,,"Baras, Kavinė",
VILA ULA,"Burokaraisčio k., Varėnos r.",3*,2010.12.03,"UAB ""Mitoda""",info@mitoda.lt,37457579,,37457579,,26,13,,"Sausis,Vasaris,Kovas,Balandis,Gegužė,Birželis,Liepa,Rugpjūtis,Rugsėjis,Spalis","Biliardas, Mašinų stovėjimo aikštelė, Pirtis/Sauna",,Sporto aikštelė,,"Valtys, Vandens dviračiai",,,,
VILA VALAKAMPIAI,"Vaidilutės g. 6a, Vilniaus m.",4*,2009.06.17,"uab ""PROMUS VILNENSIS""",hotel@vilavalakampiai.lt,52700609,,52104762,,59,29,,,,,,,,Yra,,Restoranas,
VILA VINGIS,"Kurorto g. 6, Druskininkų m., Druskininkų sav.",3*,2010.10.27,"UAB ""Vila Vingis""",sanatorija@draugyste.lt,31352378,,31353118,,70,35,,,"Baseinas, Mašinų stovėjimo aikštelė, Pirtis/Sauna, Teniso kortai, Treniruoklių salė",,,,,Yra,,Kavinė,
VILIJA,"Birutės al. 26, Palangos m.",1*,2008.03.30,"UAB ""Vitra""",vitra@kaunas.omnitel.net,46040038,,46040039,,91,33,,"Sausis,Vasaris,Kovas,Balandis,Gegužė,Birželis,Liepa,Rugpjūtis,Rugsėjis,Spalis,Lapkritis,Gruodis",,,,,,,,Kavinė,
VILNIAUS EUROPOLIS,"Švitrigailos g. 11D, Vilnius",2*,2011.03.03,G.Amšiejienės P.Į,hotel@europolis.lt,52150410,,52150411,,65,26,,"Sausis,Vasaris,Kovas,Balandis,Gegužė,Birželis,Liepa,Rugpjūtis,Rugsėjis,Spalis,Lapkritis,Gruodis",Mašinų stovėjimo aikštelė,,,,,Nėra,,,Pirmadienis: 0-24; Atradienis: 0-24; Trečiadienis: 0-24; Ketvirtadienis: 0-24; Penktadienis: 0-24; Šeštadienis: 0-24; Sekmadienis: 0-24
VINGIS,"Poilsio g. 21, Marijampolės m., Marijampolės sav.",3*,2015.06.07,"UAB ""Šešupės vingis""",viesbutis@hotel-vingis.lt,34320980,,,,34,16,,,"Mašinų stovėjimo aikštelė, Skalbimas ir valymas",,,,,,,Restoranas,
VIOLETA,"Kurorto g. 4, Druskininkai",4*,2013.12.22,"UAB ""Draygystės sanatorija""",violeta@draugyste.lt,31360600,,31360602,,40,20,,"Sausis,Vasaris,Kovas,Balandis,Gegužė,Birželis,Liepa,Rugpjūtis,Rugsėjis,Spalis,Lapkritis","Baseinas, Mašinų stovėjimo aikštelė, Pirtis/Sauna, Treniruoklių salė",,,,Dviračiai,Yra,,Restoranas,Pirmadienis: 0-24; Atradienis: 0-24; Trečiadienis: 0-24; Ketvirtadienis: 0-24; Penktadienis: 0-24; Šeštadienis: 0-24; Sekmadienis: 0-24
VYTURYS,"Palangos m. sav., Palanga, S. Dariaus ir S. Girėno g. 20",2*,2015.03.06,"Valstybinė įmonė Poilsio namai ""Baltija""",vyturys@is.lt,46049147,,46049198,,284,145,,"Sausis,Vasaris,Kovas,Balandis,Gegužė,Birželis,Liepa,Rugpjūtis,Rugsėjis,Spalis,Lapkritis,Gruodis","Automobilių nuoma, Baseinas, Biliardas, Mašinų stovėjimo aikštelė, Pirtis/Sauna, Seifas, Skalbimas ir valymas","Angliarūkštės vonios (gėlo vandens pagrindu), Fizioterapija, Klasikinis masažas, Manualinė kineziterapija, Mineralinio vandens vonios (gėlo vandens pagrindu), Perlinės vonios (gėlo vandens pagrindu), Povandeninis masažas (gėlo vandens pagrindu), Psichofizinė treniruotė, Relakcinis masažas, Vaistažolių vonios (gėlo vandens pagrindu), Vertikalios vandens vonios (gėlo vandens pagrindu)",Interneto kavinė,,Dviračiai,Yra,,Restoranas,Pirmadienis: 0-24; Atradienis: 0-24; Trečiadienis: 0-24; Ketvirtadienis: 0-24; Penktadienis: 0-24; Šeštadienis: 0-24; Sekmadienis: 0-24
VIVA GREEN RESORT,"Tuščiaulių k., Vilniaus r.",2*,2012.05.06,"UAB ""GĖLOS UŽUOVĖJA""",info@greenresort.lt,61234207,,52690060,,192,92,,,"Baseinas, Pirtis/Sauna",,Sporto aikštelė,,,,,Restoranas,
VLASPA,"Šv. Stepono g. 11, Vilnius",1*,2011.05.17,"Akcinė bendrovė ""ELEKTROS TINKLŲ STATYBA""",,52160254,,52160254,,48,16,,"Sausis,Vasaris,Kovas,Balandis,Gegužė,Birželis,Liepa,Rugpjūtis,Rugsėjis,Spalis,Lapkritis,Gruodis",,,,,,Nėra,,,
ŽALIAS NAMAS,"Vytauto g. 97, Palangos m.",3*,2015.04.19,"UAB ""OGIVA""",info@zaliasnamas.lt,46051231,,46051231,,26,12,,,"Baseinas, Garažas, Pirtis/Sauna, Seifas, Skalbimas ir valymas",,,,,Nėra,,Kavinė,
ŽEMAITĖS,"Žemaitijos g. 15, Vilniaus m.",3*,2015.06.07,"UAB ""Žemaitės""",info@hotelzemaites.lt,2133193,,2133337,,96,27,,,"Automobilių nuoma, Seifas, Skalbimas ir valymas",,,,,Yra,,"Baras, Kavinė",
ŽYDROJI LIEPSNA,"Gintaro g. 36, Palanga",3*,2015.03.06,"UAB "" Palangos perlas""",zydroji_liepsna@is.lt,46052441,,46048250,,65,34,,"Sausis,Vasaris,Kovas,Balandis,Gegužė,Birželis,Liepa,Rugpjūtis,Rugsėjis,Spalis,Lapkritis,Gruodis","Automobilių nuoma, Baseinas, Mašinų stovėjimo aikštelė, Pirtis/Sauna, Seifas, Skalbimas ir valymas",Klasikinis masažas,Boulingas,,Dviračiai,Yra,,"Baras, Restoranas",
ŽIJŪRĖ,"Vilniaus m. sav., Vilnius, Žirnių g. 10",2*,2015.04.19,"UAB ""Žijūrė""",zijure@takas.lt,52152244,,52152244,,40,14,,"Sausis,Vasaris,Kovas,Balandis,Gegužė,Birželis,Liepa,Rugpjūtis,Rugsėjis,Spalis,Lapkritis,Gruodis","Baseinas, Mašinų stovėjimo aikštelė, Pirtis/Sauna",,,,,Nėra,,Kavinė,
ŽILINA,"Marijampolės sav., Marijampolė, L. Giros g. 42",3*,2010.10.27,"G.Žilinsko firma ""Žilina""",,34355749,,34353535,,17,10,,"Sausis,Vasaris,Kovas,Balandis,Gegužė,Birželis,Liepa,Rugpjūtis,Rugsėjis,Spalis,Lapkritis,Gruodis",,,,,,,,Pusryčiai,
ŽILVINAS,"Ganyklų g. 30, Palangos m.",3*,2015.03.06,"VĮ poilsio namai ""Baltija""",baltija@is.lt,46048332,,46049226,,96,,,,"Baseinas, Seifas, Skalbimas ir valymas, Treniruoklių salė",,,,,Nėra,,"Baras, Restoranas",
ŽUVĖDRA,"Mokyklos g. 11, Ignalinos m., Ignalinos r.",3*,2013.10.04,"AB ""Namų fabrikas""",info@zuvedra.com,38652314,,38652314,,24,10,,"Sausis,Vasaris,Kovas,Balandis,Gegužė,Birželis,Liepa,Rugpjūtis,Rugsėjis,Spalis,Lapkritis,Gruodis","Baseinas, Mašinų stovėjimo aikštelė, Pirtis/Sauna, Teniso kortai, Treniruoklių salė",,,,,Nėra,,,Pirmadienis: 0-24; Atradienis: 0-24; Trečiadienis: 0-24; Ketvirtadienis: 0-24; Penktadienis: 0-24; Šeštadienis: 0-24; Sekmadienis: 0-24
